date,basis_ann
2021-02-03,0.1982461632
2021-02-04,0.2723381552
2021-02-05,0.3042390298
2021-02-06,0.3979132246
2021-02-07,0.3583422125
2021-02-08,0.4424285573
2021-02-09,0.4339013214
2021-02-10,0.453215608
2021-02-11,0.5031960814
2021-02-12,0.5336714663
2021-02-13,0.5507274737
2021-02-14,0.5894584863
2021-02-15,0.568252211
2021-02-16,0.5755691862
2021-02-17,0.6617232019
2021-02-18,0.5739194923
2021-02-19,0.5049820453
2021-02-20,0.4608552055
2021-02-21,0.4894096357
2021-02-22,0.5081768131
2021-02-23,0.4670366911
2021-02-24,0.447567892
2021-02-25,0.4289251994
2021-02-26,0.3595011958
2021-02-27,0.3822334525
2021-02-28,0.2682632161
2021-03-01,0.3291862617
2021-03-02,0.3070549488
2021-03-03,0.3089241313
2021-03-04,0.211875326
2021-03-05,0.2403254483
2021-03-06,0.2354326059
2021-03-07,0.3187566389
2021-03-08,0.3175910846
2021-03-09,0.3860046763
2021-03-10,0.4428237644
2021-03-11,0.5319636928
2021-03-12,0.4489783743
2021-03-13,0.7356780525
2021-03-14,0.6646253964
2021-03-15,0.3759571648
2021-03-16,0.4417226102
2021-03-17,0.4434767947
2021-03-18,0.331742398
2021-03-19,0.3874019471
2021-03-20,0.2600721517
2021-03-21,0.218060401
2021-03-22,0.1674123773
2021-03-23,0.09623349389
2021-03-24,0.01399057853
2021-03-25,0.2000953968
2021-03-26,0.219076306
2021-03-27,0.2528642596
2021-03-28,0.2567505684
2021-03-29,0.2959417451
2021-03-30,0.3236241293
2021-03-31,0.3505080435
2021-04-01,0.3524501935
2021-04-02,0.3709916853
2021-04-03,0.3455577473
2021-04-04,0.3551619984
2021-04-05,0.4211467444
2021-04-06,0.3841705009
2021-04-07,0.3233635077
2021-04-08,0.3664595767
2021-04-09,0.3761351718
2021-04-10,0.4768726066
2021-04-11,0.4990624528
2021-04-12,0.4688849051
2021-04-13,0.5327803489
2021-04-14,0.4513536092
2021-04-15,0.478709703
2021-04-16,0.4216234721
2021-04-17,0.3950920417
2021-04-18,0.2588357412
2021-04-19,0.2855079477
2021-04-20,0.2580387935
2021-04-21,0.2561284426
2021-04-22,0.2211413157
2021-04-23,0.1801826991
2021-04-24,0.1850081057
2021-04-25,0.20537721
2021-04-26,0.2335770982
2021-04-27,0.2222757087
2021-04-28,0.2431243211
2021-04-29,0.2293383985
2021-04-30,0.2552038153
2021-05-01,0.2740947425
2021-05-02,0.2492851513
2021-05-03,0.2572598963
2021-05-04,0.1974821516
2021-05-05,0.2979528677
2021-05-06,0.2625447517
2021-05-07,0.2526445174
2021-05-08,0.3317489258
2021-05-09,0.3136357724
2021-05-10,0.2589230125
2021-05-11,0.2770170568
2021-05-12,0.1872789615
2021-05-13,0.2231922393
2021-05-14,0.2006814518
2021-05-15,0.1866162916
2021-05-16,0.1795114704
2021-05-17,0.1845503225
2021-05-18,0.1394963958
2021-05-19,0.1189517093
2021-05-20,0.1106323662
2021-05-21,0.07451048002
2021-05-22,0.08201750896
2021-05-23,0.09956764583
2021-05-24,0.08165224431
2021-05-25,0.1089554777
2021-05-26,0.09626600671
2021-05-27,0.09255437195
2021-05-28,0.05791050582
2021-05-29,0.03882183559
2021-05-30,0.0446942085
2021-05-31,0.08321508857
2021-06-01,0.1201988315
2021-06-02,0.1137953656
2021-06-03,0.1039715177
2021-06-04,0.0691632969
2021-06-05,0.003549527397
2021-06-06,0.007533864777
2021-06-07,-0.01390862059
2021-06-08,-0.01335193872
2021-06-09,0.06558586437
2021-06-10,0.1256003081
2021-06-11,0.1106399691
2021-06-12,0.08953635827
2021-06-13,0.1026889036
2021-06-14,0.08894351717
2021-06-15,0.084604825
2021-06-16,0.05711572222
2021-06-17,0.12090601
2021-06-18,0.08097204589
2021-06-19,-9.505475629e-05
2021-06-20,-0.02070253698
2021-06-21,-0.01271634191
2021-06-22,-0.01235237485
2021-06-23,0.1106133378
2021-06-24,0.04783159682
2021-06-25,0.0552884225
2021-06-26,0.04312286857
2021-06-27,0.04260649924
2021-06-28,0.0548291719
2021-06-29,0.05133948424
2021-06-30,0.05437002075
2021-07-01,0.04306140653
2021-07-02,0.04138901522
2021-07-03,0.04197458297
2021-07-04,0.03816156733
2021-07-05,0.03533632556
2021-07-06,0.04441623001
2021-07-07,0.0390958126
2021-07-08,0.03517020306
2021-07-09,0.0513942857
2021-07-10,0.03858501805
2021-07-11,0.06469098932
2021-07-12,0.05430465931
2021-07-13,0.04554162097
2021-07-14,0.03348805451
2021-07-15,0.03518919557
2021-07-16,0.02553836153
2021-07-17,0.02684525242
2021-07-18,0.04051876181
2021-07-19,0.01280182255
2021-07-20,0.01485115278
2021-07-21,0.0318098586
2021-07-22,0.02745690379
2021-07-23,0.0387192684
2021-07-24,0.05065956822
2021-07-25,0.05352329744
2021-07-26,0.04578533448
2021-07-27,0.05524480717
2021-07-28,0.06450357703
2021-07-29,0.07144146516
2021-07-30,0.07479969881
2021-07-31,0.07400302916
2021-08-01,0.05815955654
2021-08-02,0.0672405239
2021-08-03,0.06322888716
2021-08-04,0.06789825882
2021-08-05,0.07465398984
2021-08-06,0.07576175329
2021-08-07,0.07660968256
2021-08-08,0.07570329324
2021-08-09,0.08727007455
2021-08-10,0.07919110619
2021-08-11,0.06913013068
2021-08-12,0.07647660639
2021-08-13,0.1092672243
2021-08-14,0.09994669125
2021-08-15,0.09497159492
2021-08-16,0.0794240304
2021-08-17,0.08142307321
2021-08-18,0.07416877753
2021-08-19,0.1082500995
2021-08-20,0.09976890699
2021-08-21,0.0941709902
2021-08-22,0.1170019167
2021-08-23,0.1029240839
2021-08-24,0.07029876559
2021-08-25,0.09686431148
2021-08-26,0.07023407935
2021-08-27,0.1003893092
2021-08-28,0.107492126
2021-08-29,0.08569373708
2021-08-30,0.08649379746
2021-08-31,0.0974369624
2021-09-01,0.1184372353
2021-09-02,0.138245482
2021-09-03,0.1562569321
2021-09-04,0.1439954883
2021-09-05,0.1890678819
2021-09-06,0.2040493809
2021-09-07,0.1010162886
2021-09-08,0.05790525001
2021-09-09,0.06778064773
2021-09-10,0.04150541908
2021-09-11,0.07253886624
2021-09-12,0.05567822474
2021-09-13,0.04556348426
2021-09-14,0.04767818016
2021-09-15,0.03129674113
2021-09-16,0.08422743037
2021-09-17,0.09533004768
2021-09-18,0.04362927888
2021-09-19,0.04465810605
2021-09-20,0.03713817676
2021-09-21,0.1194845926
2021-09-22,0.01378373462
2021-09-23,-0.06526835354
2021-09-24,0.06381769001
2021-09-25,0.06427666985
2021-09-26,0.07814842162
2021-09-27,0.06990988124
2021-09-28,0.06385235203
2021-09-29,0.06526328422
2021-09-30,0.0770908446
2021-10-01,0.08551524603
2021-10-02,0.08494329713
2021-10-03,0.09589372638
2021-10-04,0.1050524552
2021-10-05,0.1062345867
2021-10-06,0.1068374033
2021-10-07,0.1119613419
2021-10-08,0.114983885
2021-10-09,0.1270447731
2021-10-10,0.1261457723
2021-10-11,0.1517180039
2021-10-12,0.1429489606
2021-10-13,0.1532924441
2021-10-14,0.1555359531
2021-10-15,0.1640690404
2021-10-16,0.1534119231
2021-10-17,0.1713180856
2021-10-18,0.1689371937
2021-10-19,0.1743799879
2021-10-20,0.2085579587
2021-10-21,0.1971908684
2021-10-22,0.1898243472
2021-10-23,0.1966137361
2021-10-24,0.1953016228
2021-10-25,0.2119397322
2021-10-26,0.1835013875
2021-10-27,0.1612831151
2021-10-28,0.1879729087
2021-10-29,0.205109823
2021-10-30,0.2041799649
2021-10-31,0.1977208928
2021-11-01,0.1911322523
2021-11-02,0.2196565349
2021-11-03,0.2257096038
2021-11-04,0.2211129415
2021-11-05,0.2080504048
2021-11-06,0.1968105545
2021-11-07,0.2145377314
2021-11-08,0.2749353817
2021-11-09,0.2516659964
2021-11-10,0.1756017186
2021-11-11,0.1859332906
2021-11-12,0.1814059925
2021-11-13,0.1789461866
2021-11-14,0.1869160956
2021-11-15,0.1779891261
2021-11-16,0.1407245669
2021-11-17,0.1480394806
2021-11-18,0.1257223211
2021-11-19,0.1363754631
2021-11-20,0.146233103
2021-11-21,0.1478677755
2021-11-22,0.1294825263
2021-11-23,0.1392683434
2021-11-24,0.1389634583
2021-11-25,0.1566145223
2021-11-26,0.09548488003
2021-11-27,0.1087544788
2021-11-28,0.1443193009
2021-11-29,0.1296805192
2021-11-30,0.1395646245
2021-12-01,0.1361590751
2021-12-02,0.1103437605
2021-12-03,0.08139008223
2021-12-04,0.05389875381
2021-12-05,0.04955336488
2021-12-06,0.07362913092
2021-12-07,0.06664663522
2021-12-08,0.07534251267
2021-12-09,0.0613512614
2021-12-10,0.0570620903
2021-12-11,0.09574024788
2021-12-12,0.06756031198
2021-12-13,0.04055037442
2021-12-14,0.07693556609
2021-12-15,0.08996993316
2021-12-16,0.06666765604
2021-12-17,0.07749883178
2021-12-18,0.08955472795
2021-12-19,0.09470384724
2021-12-20,0.08541998267
2021-12-21,0.1325876029
2021-12-22,0.1282536436
2021-12-23,0.1158714467
2021-12-24,0.09120195804
2021-12-25,0.05335884477
2021-12-26,0.07745000087
2021-12-27,0.06193113174
2021-12-28,0.03491209554
2021-12-29,-0.0236739303
2021-12-30,0.004168140283
2021-12-31,0.09362351207
2022-01-01,0.09888312592
2022-01-02,0.0988521161
2022-01-03,0.09924498171
2022-01-04,0.09995401236
2022-01-05,0.09256428669
2022-01-06,0.08799506829
2022-01-07,0.08267791661
2022-01-08,0.08477880187
2022-01-09,0.08485469165
2022-01-10,0.08223652535
2022-01-11,0.07939435242
2022-01-12,0.0736131125
2022-01-13,0.06727893907
2022-01-14,0.0736388839
2022-01-15,0.07641442643
2022-01-16,0.07352768122
2022-01-17,0.06957725679
2022-01-18,0.0678251669
2022-01-19,0.05413724399
2022-01-20,0.05237263916
2022-01-21,0.04201986245
2022-01-22,0.05888022992
2022-01-23,0.0742148714
2022-01-24,0.060089406
2022-01-25,0.05179982766
2022-01-26,0.04765743943
2022-01-27,0.04855787341
2022-01-28,0.0426202474
2022-01-29,0.04594589841
2022-01-30,0.04835006888
2022-01-31,0.03880563955
2022-02-01,0.04345771054
2022-02-02,0.04211567774
2022-02-03,0.04448244894
2022-02-04,0.04757319058
2022-02-05,0.04180919684
2022-02-06,0.04038704954
2022-02-07,0.04193374406
2022-02-08,0.03121250278
2022-02-09,0.02434532943
2022-02-10,0.02125405534
2022-02-11,0.02279890461
2022-02-12,0.02121644634
2022-02-13,0.02216760181
2022-02-14,0.01589958006
2022-02-15,0.02322087782
2022-02-16,0.01714293012
2022-02-17,0.02039568555
2022-02-18,0.02231777448
2022-02-19,0.03244379036
2022-02-20,0.01828633631
2022-02-21,0.02311648542
2022-02-22,0.01613471424
2022-02-23,0.02347071884
2022-02-24,0.02559414634
2022-02-25,0.02466173697
2022-02-26,0.01274560751
2022-02-27,0.02082726205
2022-02-28,0.02376170136
2022-03-01,0.02365934745
2022-03-02,0.03289158891
2022-03-03,0.02546648463
2022-03-04,0.01619891181
2022-03-05,0.01415618606
2022-03-06,0.01632611024
2022-03-07,-3.700361583e-05
2022-03-08,0.02932149669
2022-03-09,0.01679113848
2022-03-10,0.005008637803
2022-03-11,0.01108076981
2022-03-12,0.01730796691
2022-03-13,0.0003726618341
2022-03-14,0.03465016999
2022-03-15,0.04248642109
2022-03-16,0.03606538935
2022-03-17,0.006928535175
2022-03-18,0.03047931128
2022-03-19,0.009093939265
2022-03-20,0.03317551993
2022-03-21,-0.006298764491
2022-03-22,0.007056362717
2022-03-23,-0.04900385249
2022-03-24,-0.04048244482
2022-03-25,0.05690903275
2022-03-26,0.05058688086
2022-03-27,0.05063557707
2022-03-28,0.05244043865
2022-03-29,0.05067147627
2022-03-30,0.05364261434
2022-03-31,0.05583961302
2022-04-01,0.05489571938
2022-04-02,0.05552805704
2022-04-03,0.06169008111
2022-04-04,0.06353043812
2022-04-05,0.05559796609
2022-04-06,0.04599141986
2022-04-07,0.04410869974
2022-04-08,0.04033658572
2022-04-09,0.03901686195
2022-04-10,0.04060233466
2022-04-11,0.03248922715
2022-04-12,0.0225369424
2022-04-13,0.02276254767
2022-04-14,0.02221180471
2022-04-15,0.01952352968
2022-04-16,0.02496274476
2022-04-17,0.01919613173
2022-04-18,0.02241726339
2022-04-19,0.02339813468
2022-04-20,0.01945989688
2022-04-21,0.01925332902
2022-04-22,0.01337557058
2022-04-23,0.01573037189
2022-04-24,0.01775265543
2022-04-25,0.02296214329
2022-04-26,0.02306610335
2022-04-27,0.02072268097
2022-04-28,0.024864015
2022-04-29,0.02181050603
2022-04-30,0.01460754858
2022-05-01,0.02333862681
2022-05-02,0.02716295696
2022-05-03,0.02175161073
2022-05-04,0.03158502875
2022-05-05,0.01401274517
2022-05-06,0.02520612883
2022-05-07,0.02681404243
2022-05-08,0.01355952245
2022-05-09,0.01235679579
2022-05-10,0.01454811178
2022-05-11,0.01317294792
2022-05-12,0.02445085507
2022-05-13,0.02500479489
2022-05-14,0.01910943975
2022-05-15,0.009218785361
2022-05-16,0.02068442861
2022-05-17,0.02232331862
2022-05-18,0.009358624859
2022-05-19,0.02518695746
2022-05-20,0.01748504031
2022-05-21,0.02178045493
2022-05-22,0.01872519015
2022-05-23,0.02425573747
2022-05-24,0.03553663095
2022-05-25,0.01888123792
2022-05-26,0.01892435589
2022-05-27,0.02230279371
2022-05-28,0.02813540273
2022-05-29,0.0338878151
2022-05-30,0.04041763248
2022-05-31,0.03801597851
2022-06-01,0.03369892365
2022-06-02,0.03322121417
2022-06-03,0.04259626006
2022-06-04,0.05442165045
2022-06-05,0.04759084669
2022-06-06,0.05394383392
2022-06-07,0.04263730834
2022-06-08,0.02629018075
2022-06-09,0.03304708369
2022-06-10,0.008852025067
2022-06-11,0.01676594388
2022-06-12,0.005249647139
2022-06-13,-0.02248355643
2022-06-14,-0.02580842839
2022-06-15,0.001737811797
2022-06-16,-0.0735810476
2022-06-17,-0.0132935113
2022-06-18,-0.07182358085
2022-06-19,-0.01458436707
2022-06-20,-0.02889388736
2022-06-21,-0.1597554847
2022-06-22,0.005344893312
2022-06-23,-0.05110222829
2022-06-24,0.01398655529
2022-06-25,0.01332659217
2022-06-26,0.0124145922
2022-06-27,0.009577064624
2022-06-28,0.008905520495
2022-06-29,0.00816082853
2022-06-30,0.004603073966
2022-07-01,0.01208418678
2022-07-02,0.01800209561
2022-07-03,0.01973047858
2022-07-04,0.02313794065
2022-07-05,0.02763993808
2022-07-06,0.0244624126
2022-07-07,0.01630659311
2022-07-08,0.01080509442
2022-07-09,0.02103860159
2022-07-10,0.02413146882
2022-07-11,0.02131049648
2022-07-12,0.01937408108
2022-07-13,0.01483167713
2022-07-14,0.02294664821
2022-07-15,0.0206003576
2022-07-16,0.02367597203
2022-07-17,0.02407755972
2022-07-18,0.02835982953
2022-07-19,0.02449235024
2022-07-20,0.02745609686
2022-07-21,0.02741204562
2022-07-22,0.02856158529
2022-07-23,0.02868606956
2022-07-24,0.03265656526
2022-07-25,0.02958848175
2022-07-26,0.03467660688
2022-07-27,0.03422330724
2022-07-28,0.04313899532
2022-07-29,0.05163737496
2022-07-30,0.0544563351
2022-07-31,0.04716572943
2022-08-01,0.04280057502
2022-08-02,0.03968646622
2022-08-03,0.03959022495
2022-08-04,0.03298365433
2022-08-05,0.05044957825
2022-08-06,0.05559219368
2022-08-07,0.05076574431
2022-08-08,0.04636390526
2022-08-09,0.04160118362
2022-08-10,0.03960964239
2022-08-11,0.04320433046
2022-08-12,0.0427921603
2022-08-13,0.04218060365
2022-08-14,0.03657910513
2022-08-15,0.03465314264
2022-08-16,0.03634612598
2022-08-17,0.02537402896
2022-08-18,0.01400078896
2022-08-19,0.008389340157
2022-08-20,0.014853492
2022-08-21,0.004316336956
2022-08-22,0.0009698908714
2022-08-23,0.006233294856
2022-08-24,0.006313164122
2022-08-25,0.001714431604
2022-08-26,-0.00815836769
2022-08-27,-0.003931754211
2022-08-28,-0.02237233393
2022-08-29,-0.00680987487
2022-08-30,-0.01692599669
2022-08-31,-0.008870061022
2022-09-01,-0.02565982423
2022-09-02,-0.008840517101
2022-09-03,-0.007822756109
2022-09-04,0.001653512956
2022-09-05,-0.01234632032
2022-09-06,-0.02077749408
2022-09-07,-0.008611373582
2022-09-08,-0.00599127947
2022-09-09,0.007378689328
2022-09-10,-0.0006359359043
2022-09-11,0.01141850858
2022-09-12,0.004883706715
2022-09-13,0.002073835985
2022-09-14,0.007090429846
2022-09-15,0.009538720236
2022-09-16,-0.007491519745
2022-09-17,0.007787505665
2022-09-18,-0.01877904441
2022-09-19,-0.0300265302
2022-09-20,0.001962196622
2022-09-21,-0.03756870206
2022-09-22,-0.005784735316
2022-09-23,0.0245972699
2022-09-24,-0.01863889343
2022-09-25,0.01999911547
2022-09-26,0.01255872278
2022-09-27,-0.01576714098
2022-09-28,-0.01885639667
2022-09-29,-0.03409469872
2022-09-30,0.01948961683
2022-10-01,0.01796062927
2022-10-02,0.02112278561
2022-10-03,0.0217120722
2022-10-04,0.02261387477
2022-10-05,0.02121186911
2022-10-06,0.02401461972
2022-10-07,0.01992601863
2022-10-08,0.02056917275
2022-10-09,0.01767876729
2022-10-10,0.01878370548
2022-10-11,0.0230230278
2022-10-12,0.0214172875
2022-10-13,0.02336418195
2022-10-14,0.01931195517
2022-10-15,0.01995006006
2022-10-16,0.01821166177
2022-10-17,0.02165260543
2022-10-18,0.02093030982
2022-10-19,0.02374113471
2022-10-20,0.01991136119
2022-10-21,0.02402113624
2022-10-22,0.02436401783
2022-10-23,0.0268117832
2022-10-24,0.02336334821
2022-10-25,0.03253210674
2022-10-26,0.02804117381
2022-10-27,0.03056447843
2022-10-28,0.02990669547
2022-10-29,0.03174311748
2022-10-30,0.02713700316
2022-10-31,0.02858825832
2022-11-01,0.03107529326
2022-11-02,0.02865024925
2022-11-03,0.03017235929
2022-11-04,0.03161249166
2022-11-05,0.03586987196
2022-11-06,0.03587628871
2022-11-07,0.03728140131
2022-11-08,0.02804880071
2022-11-09,-0.01622652458
2022-11-10,-0.03793498624
2022-11-11,-0.03081321319
2022-11-12,-0.02599184967
2022-11-13,-0.02293037752
2022-11-14,-0.0334507484
2022-11-15,-0.031159565
2022-11-16,-0.0220815338
2022-11-17,-0.02894343853
2022-11-18,-0.02200306429
2022-11-19,-0.01863272678
2022-11-20,-0.01473067086
2022-11-21,-0.02841292747
2022-11-22,-0.01921320094
2022-11-23,-0.02397201882
2022-11-24,-0.03358177643
2022-11-25,-0.03096008952
2022-11-26,-0.0369044065
2022-11-27,-0.01841006117
2022-11-28,-0.03294383767
2022-11-29,-0.01805071995
2022-11-30,-0.007752405156
2022-12-01,-0.01558442651
2022-12-02,-0.01346001107
2022-12-03,-0.01311119872
2022-12-04,-0.009439801134
2022-12-05,-0.01308497578
2022-12-06,-0.005330531093
2022-12-07,-0.01058136421
2022-12-08,-0.006106270436
2022-12-09,-0.002241831479
2022-12-10,3.270414087e-05
2022-12-11,-0.004623139714
2022-12-12,0.005116851176
2022-12-13,0.03905435355
2022-12-14,0.03237733811
2022-12-15,0.0334019946
2022-12-16,0.007286272621
2022-12-17,-0.0207612119
2022-12-18,-0.01429044582
2022-12-19,0.002626686006
2022-12-20,0.01241773627
2022-12-21,0.04980948833
2022-12-22,0.0173337482
2022-12-23,0.1277682366
2022-12-24,0.04850667472
2022-12-25,0.08448028466
2022-12-26,0.08430802518
2022-12-27,0.01544216491
2022-12-28,0.0451001325
2022-12-29,0.09057991226
2022-12-30,0.01590409538
2022-12-31,0.01953608566
2023-01-01,0.02058599137
2023-01-02,0.02035480491
2023-01-03,0.01743523099
2023-01-04,0.02377542095
2023-01-05,0.02233552134
2023-01-06,0.02394548914
2023-01-07,0.0234209374
2023-01-08,0.02378501628
2023-01-09,0.02608413237
2023-01-10,0.02631873405
2023-01-11,0.02950587773
2023-01-12,0.03062747883
2023-01-13,0.03071609348
2023-01-14,0.04134119553
2023-01-15,0.044481077
2023-01-16,0.04389713147
2023-01-17,0.04186415698
2023-01-18,0.04491799689
2023-01-19,0.04289919905
2023-01-20,0.04612648897
2023-01-21,0.04700659366
2023-01-22,0.047028342
2023-01-23,0.04632381992
2023-01-24,0.05484810656
2023-01-25,0.05851331945
2023-01-26,0.05718309542
2023-01-27,0.06026281419
2023-01-28,0.05978158913
2023-01-29,0.0671532697
2023-01-30,0.05858705614
2023-01-31,0.06150943865
2023-02-01,0.06435983319
2023-02-02,0.06519301823
2023-02-03,0.06322115424
2023-02-04,0.054889725
2023-02-05,0.05594865243
2023-02-06,0.0567715663
2023-02-07,0.05580614651
2023-02-08,0.05803572558
2023-02-09,0.05933943948
2023-02-10,0.04859228455
2023-02-11,0.04348574981
2023-02-12,0.03937640897
2023-02-13,0.04231213627
2023-02-14,0.05088063874
2023-02-15,0.06727582856
2023-02-16,0.05949467638
2023-02-17,0.06460214728
2023-02-18,0.06975886687
2023-02-19,0.06747320831
2023-02-20,0.08658581338
2023-02-21,0.08467765217
2023-02-22,0.07437066861
2023-02-23,0.07541388955
2023-02-24,0.06283596618
2023-02-25,0.06634242702
2023-02-26,0.07038352206
2023-02-27,0.06675171416
2023-02-28,0.07198888563
2023-03-01,0.07568858737
2023-03-02,0.06840423314
2023-03-03,0.0630270307
2023-03-04,0.05731085459
2023-03-05,0.05122614454
2023-03-06,0.04815610334
2023-03-07,0.04349058364
2023-03-08,0.04325398712
2023-03-09,0.04156629787
2023-03-10,0.0289958232
2023-03-11,0.02008823954
2023-03-12,0.05063341837
2023-03-13,0.06895374625
2023-03-14,0.06611642845
2023-03-15,0.07826894827
2023-03-16,0.04003405721
2023-03-17,0.05086548892
2023-03-18,0.0743716423
2023-03-19,0.06158352508
2023-03-20,0.08643905743
2023-03-21,0.05943515904
2023-03-22,0.03824695235
2023-03-23,0.08440452353
2023-03-24,0.03535442959
2023-03-25,0.05053512438
2023-03-26,0.05168394243
2023-03-27,0.01525078336
2023-03-28,-0.03135623963
2023-03-29,-0.02622750673
2023-03-30,-0.02297656077
2023-03-31,0.04963831896
2023-04-01,0.052461189
2023-04-02,0.05464998035
2023-04-03,0.05029409331
2023-04-04,0.05500368886
2023-04-05,0.05219896327
2023-04-06,0.05324376708
2023-04-07,0.04980610111
2023-04-08,0.05167479157
2023-04-09,0.05256795108
2023-04-10,0.05245765493
2023-04-11,0.05059399381
2023-04-12,0.05140728006
2023-04-13,0.05183211185
2023-04-14,0.04562041411
2023-04-15,0.05049724691
2023-04-16,0.05343549562
2023-04-17,0.04824411734
2023-04-18,0.05141834665
2023-04-19,0.04596667047
2023-04-20,0.04737025388
2023-04-21,0.04256889636
2023-04-22,0.0421500058
2023-04-23,0.03864817125
2023-04-24,0.04103979048
2023-04-25,0.04701885199
2023-04-26,0.04406784811
2023-04-27,0.04228623012
2023-04-28,0.04195226075
2023-04-29,0.04806434279
2023-04-30,0.05054269373
2023-05-01,0.04770754562
2023-05-02,0.04630201429
2023-05-03,0.05160913893
2023-05-04,0.05219672576
2023-05-05,0.05662636159
2023-05-06,0.04516036033
2023-05-07,0.0465855194
2023-05-08,0.04635832074
2023-05-09,0.04185479599
2023-05-10,0.0383888828
2023-05-11,0.03172896917
2023-05-12,0.03225600621
2023-05-13,0.03341185224
2023-05-14,0.03733754915
2023-05-15,0.04113846779
2023-05-16,0.03721672361
2023-05-17,0.0360636554
2023-05-18,0.03160657266
2023-05-19,0.03668900942
2023-05-20,0.0384957003
2023-05-21,0.04053722692
2023-05-22,0.0414088651
2023-05-23,0.04051572289
2023-05-24,0.0314007187
2023-05-25,0.03234377912
2023-05-26,0.03963264572
2023-05-27,0.03668376076
2023-05-28,0.05279352955
2023-05-29,0.05242268732
2023-05-30,0.05609709517
2023-05-31,0.04301260119
2023-06-01,0.04204284788
2023-06-02,0.05113348991
2023-06-03,0.05278497656
2023-06-04,0.04748208281
2023-06-05,0.03313707454
2023-06-06,0.04913282992
2023-06-07,0.04784607848
2023-06-08,0.05181586387
2023-06-09,0.04913369575
2023-06-10,0.05485513289
2023-06-11,0.04951276374
2023-06-12,0.05943439645
2023-06-13,0.04748388505
2023-06-14,0.04189567664
2023-06-15,0.03405689471
2023-06-16,0.02090034383
2023-06-17,0.01652190504
2023-06-18,0.02939387663
2023-06-19,0.01005907531
2023-06-20,0.01633541671
2023-06-21,0.05132536941
2023-06-22,0.02155275839
2023-06-23,0.04534737518
2023-06-24,0.04430082921
2023-06-25,0.01253092865
2023-06-26,-0.01458172816
2023-06-27,-0.008808680378
2023-06-28,-0.03437419647
2023-06-29,-0.01475551831
2023-06-30,0.06862058714
2023-07-01,0.07242318703
2023-07-02,0.07521649268
2023-07-03,0.07633535157
2023-07-04,0.07472727618
2023-07-05,0.0762019375
2023-07-06,0.0774085952
2023-07-07,0.08110929531
2023-07-08,0.0784713292
2023-07-09,0.07893155298
2023-07-10,0.0782945737
2023-07-11,0.0837935633
2023-07-12,0.08061196209
2023-07-13,0.07882656071
2023-07-14,0.08011987052
2023-07-15,0.08007169853
2023-07-16,0.08135804691
2023-07-17,0.07407300409
2023-07-18,0.07520199994
2023-07-19,0.07511014297
2023-07-20,0.07875867089
2023-07-21,0.07734284486
2023-07-22,0.07426494567
2023-07-23,0.07461655878
2023-07-24,0.07509877112
2023-07-25,0.07647299386
2023-07-26,0.0787846165
2023-07-27,0.07636059017
2023-07-28,0.07705478073
2023-07-29,0.07687319295
2023-07-30,0.07457815008
2023-07-31,0.0749422533
2023-08-01,0.07898350588
2023-08-02,0.08339032835
2023-08-03,0.08407313522
2023-08-04,0.08514125693
2023-08-05,0.09134338814
2023-08-06,0.08887246928
2023-08-07,0.08686895579
2023-08-08,0.07136772353
2023-08-09,0.08329826341
2023-08-10,0.08426057524
2023-08-11,0.08454544725
2023-08-12,0.08419614697
2023-08-13,0.08251469375
2023-08-14,0.08403025829
2023-08-15,0.08425721764
2023-08-16,0.08449913583
2023-08-17,0.07543744925
2023-08-18,0.06859043225
2023-08-19,0.0696074095
2023-08-20,0.0621937278
2023-08-21,0.05748967427
2023-08-22,0.06579798728
2023-08-23,0.05148751286
2023-08-24,0.04919909472
2023-08-25,0.04634251981
2023-08-26,0.04235331221
2023-08-27,0.0393661475
2023-08-28,0.03837259039
2023-08-29,0.03484174841
2023-08-30,0.03782394748
2023-08-31,0.03432326014
2023-09-01,0.03614573466
2023-09-02,0.03455885353
2023-09-03,0.03350692423
2023-09-04,0.01658890623
2023-09-05,0.02167630646
2023-09-06,0.02439802187
2023-09-07,0.02794005327
2023-09-08,0.02946992878
2023-09-09,0.02830407123
2023-09-10,0.01781262068
2023-09-11,0.01734096211
2023-09-12,0.02937320019
2023-09-13,0.0278215611
2023-09-14,0.02633021897
2023-09-15,0.02697775432
2023-09-16,0.02028608197
2023-09-17,0.01101567378
2023-09-18,0.01427148125
2023-09-19,-0.005426649205
2023-09-20,0.007214336042
2023-09-21,0.01993338053
2023-09-22,0.01698821288
2023-09-23,0.002817788557
2023-09-24,0.006215998995
2023-09-25,0.008515747191
2023-09-26,0.001340872388
2023-09-27,-0.01267535341
2023-09-28,-0.006167435376
2023-09-29,0.0488203506
2023-09-30,0.04793015175
2023-10-01,0.05120023687
2023-10-02,0.05099057058
2023-10-03,0.05352622037
2023-10-04,0.05724073296
2023-10-05,0.05568192721
2023-10-06,0.05680485784
2023-10-07,0.05630542726
2023-10-08,0.05474124585
2023-10-09,0.05470321032
2023-10-10,0.05474575567
2023-10-11,0.04973950721
2023-10-12,0.05366641154
2023-10-13,0.04857129136
2023-10-14,0.04798588863
2023-10-15,0.04592997197
2023-10-16,0.0447129192
2023-10-17,0.04520898234
2023-10-18,0.05186828564
2023-10-19,0.04814689697
2023-10-20,0.0458963026
2023-10-21,0.04616389085
2023-10-22,0.05181836615
2023-10-23,0.05597474155
2023-10-24,0.06135521462
2023-10-25,0.06741081702
2023-10-26,0.07957984837
2023-10-27,0.07729816801
2023-10-28,0.08130952649
2023-10-29,0.08330303599
2023-10-30,0.0851634669
2023-10-31,0.08829057522
2023-11-01,0.09336721772
2023-11-02,0.09243672218
2023-11-03,0.09094212283
2023-11-04,0.09220795252
2023-11-05,0.1046366402
2023-11-06,0.1074601874
2023-11-07,0.1060592486
2023-11-08,0.1038305056
2023-11-09,0.102129509
2023-11-10,0.1116479194
2023-11-11,0.1076878887
2023-11-12,0.1136788398
2023-11-13,0.1147097727
2023-11-14,0.1158972721
2023-11-15,0.1287801261
2023-11-16,0.1160175304
2023-11-17,0.1081107375
2023-11-18,0.1000665006
2023-11-19,0.1056573784
2023-11-20,0.09934531959
2023-11-21,0.08017796597
2023-11-22,0.09673076815
2023-11-23,0.09350993285
2023-11-24,0.09496803595
2023-11-25,0.102602891
2023-11-26,0.107026931
2023-11-27,0.09311808655
2023-11-28,0.09762495535
2023-11-29,0.09202106752
2023-11-30,0.09524850236
2023-12-01,0.101529542
2023-12-02,0.1102720959
2023-12-03,0.109322557
2023-12-04,0.1095842531
2023-12-05,0.07423216239
2023-12-06,0.08504832212
2023-12-07,0.1092657608
2023-12-08,0.1147314763
2023-12-09,0.1185067733
2023-12-10,0.1257792229
2023-12-11,0.1317333585
2023-12-12,0.1183615145
2023-12-13,0.1126028396
2023-12-14,0.07739688749
2023-12-15,0.09555684819
2023-12-16,0.1107906659
2023-12-17,0.09103109723
2023-12-18,0.0969505747
2023-12-19,0.07188841796
2023-12-20,0.1466488105
2023-12-21,0.1697729856
2023-12-22,0.1901182433
2023-12-23,0.1852589569
2023-12-24,0.160511402
2023-12-25,0.2139355578
2023-12-26,0.1074726371
2023-12-27,0.06447256422
2023-12-28,0.1114008181
2023-12-29,0.1729351726
2023-12-30,0.1935348336
2023-12-31,0.2054553778
2024-01-01,0.2168999932
2024-01-02,0.214140735
2024-01-03,0.1570403269
2024-01-04,0.1590090826
2024-01-05,0.1282419059
2024-01-06,0.1274806952
2024-01-07,0.1379774444
2024-01-08,0.1386140675
2024-01-09,0.1368531789
2024-01-10,0.1294669365
2024-01-11,0.1118635948
2024-01-12,0.09869095213
2024-01-13,0.09730212166
2024-01-14,0.08934861337
2024-01-15,0.09128462356
2024-01-16,0.09521121929
2024-01-17,0.1024127695
2024-01-18,0.09654592717
2024-01-19,0.101293226
2024-01-20,0.0978732982
2024-01-21,0.1002071902
2024-01-22,0.090359843
2024-01-23,0.09299827541
2024-01-24,0.09412890117
2024-01-25,0.0947905032
2024-01-26,0.08748612966
2024-01-27,0.09131379059
2024-01-28,0.09098275397
2024-01-29,0.09307947512
2024-01-30,0.09257534548
2024-01-31,0.08562757433
2024-02-01,0.07887070781
2024-02-02,0.08417454684
2024-02-03,0.08144997578
2024-02-04,0.0770696619
2024-02-05,0.07322288041
2024-02-06,0.07963485851
2024-02-07,0.08738760129
2024-02-08,0.08577441929
2024-02-09,0.09403545305
2024-02-10,0.09632529522
2024-02-11,0.1124927347
2024-02-12,0.1200927914
2024-02-13,0.1078646283
2024-02-14,0.1195739087
2024-02-15,0.1259985741
2024-02-16,0.1293110802
2024-02-17,0.1381850981
2024-02-18,0.1385125894
2024-02-19,0.1401858071
2024-02-20,0.1350681984
2024-02-21,0.1230539326
2024-02-22,0.1280141943
2024-02-23,0.1273759139
2024-02-24,0.1402863515
2024-02-25,0.1586513215
2024-02-26,0.1744026494
2024-02-27,0.1878762451
2024-02-28,0.1745680614
2024-02-29,0.1993844353
2024-03-01,0.1977652693
2024-03-02,0.2188622188
2024-03-03,0.2568681859
2024-03-04,0.3053754155
2024-03-05,0.3184755925
2024-03-06,0.274277138
2024-03-07,0.319956733
2024-03-08,0.2934450392
2024-03-09,0.330722418
2024-03-10,0.3795228285
2024-03-11,0.4214369686
2024-03-12,0.3503829003
2024-03-13,0.2741687129
2024-03-14,0.3149623578
2024-03-15,0.2922894245
2024-03-16,0.2384847371
2024-03-17,0.2646770663
2024-03-18,0.1948427139
2024-03-19,0.1887033815
2024-03-20,0.2221800805
2024-03-21,0.2132522886
2024-03-22,0.1798005512
2024-03-23,0.1196548927
2024-03-24,0.1461268267
2024-03-25,0.06676859282
2024-03-26,0.03871386649
2024-03-27,0.0588186754
2024-03-28,-0.005544571293
2024-03-29,0.2529606013
2024-03-30,0.2658612819
2024-03-31,0.3389318444
2024-04-01,0.2718402995
2024-04-02,0.2206627229
2024-04-03,0.2044767892
2024-04-04,0.2076450842
2024-04-05,0.2016707617
2024-04-06,0.181274472
2024-04-07,0.1887147534
2024-04-08,0.2483552254
2024-04-09,0.203801429
2024-04-10,0.2031817968
2024-04-11,0.1951243093
2024-04-12,0.1485919344
2024-04-13,0.1136972753
2024-04-14,0.1269173171
2024-04-15,0.1258185593
2024-04-16,0.1261242919
2024-04-17,0.1090958767
2024-04-18,0.1172918057
2024-04-19,0.09782140522
2024-04-20,0.1077027963
2024-04-21,0.113878324
2024-04-22,0.1237697036
2024-04-23,0.1230095105
2024-04-24,0.1193833116
2024-04-25,0.1091310112
2024-04-26,0.1081471136
2024-04-27,0.1063168664
2024-04-28,0.1007514421
2024-04-29,0.1038525956
2024-04-30,0.09055370817
2024-05-01,0.07762122278
2024-05-02,0.0852188824
2024-05-03,0.09025917
2024-05-04,0.09629207093
2024-05-05,0.1045621185
2024-05-06,0.1054898527
2024-05-07,0.09854880686
2024-05-08,0.09851437395
2024-05-09,0.09539213082
2024-05-10,0.08714697389
2024-05-11,0.09191956328
2024-05-12,0.09331819818
2024-05-13,0.0952110639
2024-05-14,0.08990467928
2024-05-15,0.0952616862
2024-05-16,0.09780406156
2024-05-17,0.09962328015
2024-05-18,0.1059427813
2024-05-19,0.1057114644
2024-05-20,0.1188296383
2024-05-21,0.1347333695
2024-05-22,0.1404487727
2024-05-23,0.1298845828
2024-05-24,0.1236688467
2024-05-25,0.1179593036
2024-05-26,0.1160075948
2024-05-27,0.1240388692
2024-05-28,0.1350732109
2024-05-29,0.1126463786
2024-05-30,0.1072644878
2024-05-31,0.1113736693
2024-06-01,0.1139093673
2024-06-02,0.1210465282
2024-06-03,0.1299566823
2024-06-04,0.1253565684
2024-06-05,0.1138993611
2024-06-06,0.1283692753
2024-06-07,0.1260490771
2024-06-08,0.1274155402
2024-06-09,0.1347669512
2024-06-10,0.1223507659
2024-06-11,0.09745561808
2024-06-12,0.1196222141
2024-06-13,0.1221077851
2024-06-14,0.09951735884
2024-06-15,0.09124577248
2024-06-16,0.1137747898
2024-06-17,0.08389542672
2024-06-18,0.08889157873
2024-06-19,0.07719300698
2024-06-20,0.08005955949
2024-06-21,0.07818017225
2024-06-22,0.06946122607
2024-06-23,0.05940181327
2024-06-24,0.03826281005
2024-06-25,0.04239529571
2024-06-26,0.02708157296
2024-06-27,0.0142656096
2024-06-28,0.1133401484
2024-06-29,0.1143979244
2024-06-30,0.1206077867
2024-07-01,0.1186390001
2024-07-02,0.1052605684
2024-07-03,0.09563017853
2024-07-04,0.09252503393
2024-07-05,0.09682573872
2024-07-06,0.09870175945
2024-07-07,0.09349055667
2024-07-08,0.09758769328
2024-07-09,0.09606664197
2024-07-10,0.09908165468
2024-07-11,0.08982364894
2024-07-12,0.09754025383
2024-07-13,0.1024594
2024-07-14,0.1132829106
2024-07-15,0.1115824926
2024-07-16,0.1142474219
2024-07-17,0.1127823745
2024-07-18,0.1127090373
2024-07-19,0.1162123059
2024-07-20,0.1209608007
2024-07-21,0.128583822
2024-07-22,0.1185869625
2024-07-23,0.1116698176
2024-07-24,0.1083682861
2024-07-25,0.103962533
2024-07-26,0.1086506822
2024-07-27,0.1126564505
2024-07-28,0.1105138351
2024-07-29,0.1051090011
2024-07-30,0.1116301123
2024-07-31,0.1045046291
2024-08-01,0.08939952877
2024-08-02,0.07696392746
2024-08-03,0.07912361647
2024-08-04,0.07805581618
2024-08-05,0.0754962865
2024-08-06,0.07350381717
2024-08-07,0.05847937212
2024-08-08,0.07513266091
2024-08-09,0.07907672793
2024-08-10,0.08459013405
2024-08-11,0.080090331
2024-08-12,0.07736037493
2024-08-13,0.08005083763
2024-08-14,0.07227426622
2024-08-15,0.06887616702
2024-08-16,0.07188931449
2024-08-17,0.06877046934
2024-08-18,0.06589862482
2024-08-19,0.06291736579
2024-08-20,0.06126338386
2024-08-21,0.06574997329
2024-08-22,0.06058194842
2024-08-23,0.0591796458
2024-08-24,0.06100369957
2024-08-25,0.05258193123
2024-08-26,0.05844654189
2024-08-27,0.05757860319
2024-08-28,0.05150396303
2024-08-29,0.05552283589
2024-08-30,0.05182542779
2024-08-31,0.05363757541
2024-09-01,0.05322436305
2024-09-02,0.06052826018
2024-09-03,0.05176919436
2024-09-04,0.05392365756
2024-09-05,0.05190888431
2024-09-06,0.05916253185
2024-09-07,0.05879724829
2024-09-08,0.06155195962
2024-09-09,0.07932324983
2024-09-10,0.07464162324
2024-09-11,0.06563644676
2024-09-12,0.05882218533
2024-09-13,0.0612710209
2024-09-14,0.06701413274
2024-09-15,0.0672376507
2024-09-16,0.06139551885
2024-09-17,0.05889117209
2024-09-18,0.07209749353
2024-09-19,0.0809961552
2024-09-20,0.08620434066
2024-09-21,0.06678577427
2024-09-22,0.06477790794
2024-09-23,0.03364784025
2024-09-24,0.04175478269
2024-09-25,0.01014460324
2024-09-26,0.01907576812
2024-09-27,0.07976815118
2024-09-28,0.08000908269
2024-09-29,0.08105278927
2024-09-30,0.0739654231
2024-10-01,0.07209735199
2024-10-02,0.07446998589
2024-10-03,0.07323424993
2024-10-04,0.0749849
2024-10-05,0.07630479005
2024-10-06,0.08297504087
2024-10-07,0.08046621276
2024-10-08,0.07739506991
2024-10-09,0.07626855161
2024-10-10,0.07437226742
2024-10-11,0.08559860247
2024-10-12,0.08003328902
2024-10-13,0.08366668343
2024-10-14,0.095354154
2024-10-15,0.08675615397
2024-10-16,0.086424406
2024-10-17,0.08346019576
2024-10-18,0.09077914972
2024-10-19,0.08835250541
2024-10-20,0.1023497645
2024-10-21,0.09468942308
2024-10-22,0.09704676367
2024-10-23,0.09570433644
2024-10-24,0.1063582714
2024-10-25,0.0963371676
2024-10-26,0.0967196159
2024-10-27,0.1072263913
2024-10-28,0.1111386839
2024-10-29,0.1230596051
2024-10-30,0.1205491501
2024-10-31,0.1136002374
2024-11-01,0.1084705329
2024-11-02,0.1029904589
2024-11-03,0.1004000877
2024-11-04,0.09758344458
2024-11-05,0.1004400882
2024-11-06,0.1191243827
2024-11-07,0.1284524378
2024-11-08,0.1244984405
2024-11-09,0.1316027221
2024-11-10,0.153866883
2024-11-11,0.1637680421
2024-11-12,0.1528515927
2024-11-13,0.1502203834
2024-11-14,0.1393204548
2024-11-15,0.1456715229
2024-11-16,0.1527805457
2024-11-17,0.166340137
2024-11-18,0.1648344047
2024-11-19,0.1713771463
2024-11-20,0.1643934615
2024-11-21,0.1693495607
2024-11-22,0.165504992
2024-11-23,0.1744736324
2024-11-24,0.1718722158
2024-11-25,0.1748137907
2024-11-26,0.1659330088
2024-11-27,0.1773771181
2024-11-28,0.2010913877
2024-11-29,0.1958659526
2024-11-30,0.2029022315
2024-12-01,0.2164011471
2024-12-02,0.1873490753
2024-12-03,0.2000534676
2024-12-04,0.2114854604
2024-12-05,0.2171692076
2024-12-06,0.225091894
2024-12-07,0.2078602146
2024-12-08,0.2376810565
2024-12-09,0.180519272
2024-12-10,0.1721803895
2024-12-11,0.1829938765
2024-12-12,0.1713030249
2024-12-13,0.1572860329
2024-12-14,0.1492925406
2024-12-15,0.1939144674
2024-12-16,0.1487478783
2024-12-17,0.1456882623
2024-12-18,0.1361259425
2024-12-19,0.1247695418
2024-12-20,0.09480416461
2024-12-21,0.1062109394
2024-12-22,0.1077485734
2024-12-23,0.1284829464
2024-12-24,0.1078423101
2024-12-25,0.1008536844
2024-12-26,0.004372319777
2024-12-27,0.1282950348
2024-12-28,0.1275219533
2024-12-29,0.135704589
2024-12-30,0.1320631729
2024-12-31,0.138270906
2025-01-01,0.1395742768
2025-01-02,0.1483777973
2025-01-03,0.1415016452
2025-01-04,0.1351701193
2025-01-05,0.1283226375
2025-01-06,0.1259526532
2025-01-07,0.1217676093
2025-01-08,0.1175010192
2025-01-09,0.1213774786
2025-01-10,0.1122327509
2025-01-11,0.106853328
2025-01-12,0.1054414922
2025-01-13,0.1101428248
2025-01-14,0.1109073482
2025-01-15,0.1195926398
2025-01-16,0.1262776817
2025-01-17,0.1284740558
2025-01-18,0.1222112433
2025-01-19,0.1291977983
2025-01-20,0.1259106112
2025-01-21,0.1241848279
2025-01-22,0.1183937998
2025-01-23,0.1238351612
2025-01-24,0.1147622413
2025-01-25,0.1122235694
2025-01-26,0.1162412866
2025-01-27,0.1102861485
2025-01-28,0.105775699
2025-01-29,0.1119791198
2025-01-30,0.1008788983
2025-01-31,0.1080232257
2025-02-01,0.1117566345
2025-02-02,0.1059907356
2025-02-03,0.09320091721
2025-02-04,0.08603049339
2025-02-05,0.08414603579
2025-02-06,0.08524425924
2025-02-07,0.07926422494
2025-02-08,0.07668715185
2025-02-09,0.0779394363
2025-02-10,0.07663356066
2025-02-11,0.07617963645
2025-02-12,0.07613750821
2025-02-13,0.07349646887
2025-02-14,0.07587794402
2025-02-15,0.07709086991
2025-02-16,0.08025693443
2025-02-17,0.06556472056
2025-02-18,0.06154812249
2025-02-19,0.05692819571
2025-02-20,0.0644518348
2025-02-21,0.05990596283
2025-02-22,0.06159233306
2025-02-23,0.06419446625
2025-02-24,0.0597160798
2025-02-25,0.06869181502
2025-02-26,0.05972018591
2025-02-27,0.07356946608
2025-02-28,0.07142953332
2025-03-01,0.07142771769
2025-03-02,0.0500604012
2025-03-03,0.06316587524
2025-03-04,0.0474156708
2025-03-05,0.0525122148
2025-03-06,0.05157027382
2025-03-07,0.05932238801
2025-03-08,0.04366712155
2025-03-09,0.04355440896
2025-03-10,0.04460268771
2025-03-11,0.05243052516
2025-03-12,0.04742631924
2025-03-13,0.05175251805
2025-03-14,0.06274520643
2025-03-15,0.04680843338
2025-03-16,0.05188451782
2025-03-17,0.09019570612
2025-03-18,0.02051316424
2025-03-19,0.02009426771
2025-03-20,0.01111376159
2025-03-21,0.02919013695
2025-03-22,0.04216248864
2025-03-23,0.05218370628
2025-03-24,0.03582550437
2025-03-25,0.03077306674
2025-03-26,0.001517824606
2025-03-27,0.02038136355
2025-03-28,0.04613558394
2025-03-29,0.04133158889
2025-03-30,0.03936560317
2025-03-31,0.04231415095
2025-04-01,0.04916897162
2025-04-02,0.04360961682
2025-04-03,0.04944109996
2025-04-04,0.05166243912
2025-04-05,0.04987050733
2025-04-06,0.04442536509
2025-04-07,0.05191013281
2025-04-08,0.05938021394
2025-04-09,0.06118218281
2025-04-10,0.05205858072
2025-04-11,0.04340646283
2025-04-12,0.0493087452
2025-04-13,0.05222605111
2025-04-14,0.04622355391
2025-04-15,0.05112929686
2025-04-16,0.0532621207
2025-04-17,0.051917309
2025-04-18,0.05122591529
2025-04-19,0.05626927805
2025-04-20,0.04782067274
2025-04-21,0.04518344519
2025-04-22,0.04662701719
2025-04-23,0.04707092325
2025-04-24,0.05079805503
2025-04-25,0.05193568514
2025-04-26,0.05817963212
2025-04-27,0.05345016985
2025-04-28,0.0526613279
2025-04-29,0.06094018583
2025-04-30,0.06184871727
2025-05-01,0.05718428642
2025-05-02,0.05034802564
2025-05-03,0.04741903147
2025-05-04,0.03697305918
2025-05-05,0.04705062107
2025-05-06,0.03968843036
2025-05-07,0.04014301805
2025-05-08,0.04576436998
2025-05-09,0.04863954018
2025-05-10,0.05716644321
2025-05-11,0.05502172486
2025-05-12,0.04802747062
2025-05-13,0.05616230178
2025-05-14,0.05598854974
2025-05-15,0.04690294449
2025-05-16,0.04879116749
2025-05-17,0.04123141222
2025-05-18,0.05923980193
2025-05-19,0.05099914802
2025-05-20,0.04991184299
2025-05-21,0.05880142011
2025-05-22,0.06511643631
2025-05-23,0.06278492716
2025-05-24,0.06135750504
2025-05-25,0.06041913328
2025-05-26,0.06106930731
2025-05-27,0.06012575002
2025-05-28,0.06361955908
2025-05-29,0.06084339784
2025-05-30,0.05763959286
2025-05-31,0.05557292529
2025-06-01,0.05791884436
2025-06-02,0.06204014682
2025-06-03,0.05838839855
2025-06-04,0.04760323984
2025-06-05,0.04285493318
2025-06-06,0.047236459
2025-06-07,0.04035090634
2025-06-08,0.05036849298
2025-06-09,0.04285302294
2025-06-10,0.05041677044
2025-06-11,0.03767815371
2025-06-12,0.02354091376
2025-06-13,0.02733304025
2025-06-14,0.02392751328
2025-06-15,0.02218574646
2025-06-16,0.02495177859
2025-06-17,0.03181159712
2025-06-18,0.007429432497
2025-06-19,0.01103226213
2025-06-20,0.005760115815
2025-06-21,0.008220992745
2025-06-22,0.00964817037
2025-06-23,0.002504351443
2025-06-24,0.008025110925
2025-06-25,-0.004556246087
2025-06-26,-0.01398178699
2025-06-27,0.04311487064
2025-06-28,0.04104052689
2025-06-29,0.04403842641
2025-06-30,0.04171996177
2025-07-01,0.03743829278
2025-07-02,0.04078181443
2025-07-03,0.04442660497
2025-07-04,0.04417534984
2025-07-05,0.04109363394
2025-07-06,0.04553542251
2025-07-07,0.04396109041
2025-07-08,0.04708404307
2025-07-09,0.05735666593
2025-07-10,0.05727021478
2025-07-11,0.06197255573
2025-07-12,0.06529810539
2025-07-13,0.06972635406
2025-07-14,0.06877490147
2025-07-15,0.07209457078
2025-07-16,0.07505932238
2025-07-17,0.06704696746
2025-07-18,0.07074907723
2025-07-19,0.07781462549
2025-07-20,0.07873509021
2025-07-21,0.07737620525
2025-07-22,0.08237121695
2025-07-23,0.08358918513
2025-07-24,0.07632407576
2025-07-25,0.07743305683
2025-07-26,0.08083408527
2025-07-27,0.08810379104
2025-07-28,0.08398882405
2025-07-29,0.08109435041
2025-07-30,0.0642236361
2025-07-31,0.06347875046
2025-08-01,0.04987377962
2025-08-02,0.06141960102
2025-08-03,0.06071177893
2025-08-04,0.06379184025
2025-08-05,0.06507751451
2025-08-06,0.06363952216
2025-08-07,0.06898914551
2025-08-08,0.07380991076
2025-08-09,0.07969953362
2025-08-10,0.08090561252
2025-08-11,0.08199542469
2025-08-12,0.08125293171
2025-08-13,0.08868031171
2025-08-14,0.08221063303
2025-08-15,0.08032840486
2025-08-16,0.07703272954
2025-08-17,0.06680038644
2025-08-18,0.0591759601
2025-08-19,0.05471823232
2025-08-20,0.05774342487
2025-08-21,0.06507395102
2025-08-22,0.07995655958
2025-08-23,0.08459058057
2025-08-24,0.09350524957
2025-08-25,0.06827008164
2025-08-26,0.07505540376
2025-08-27,0.07612628905
2025-08-28,0.07229692631
2025-08-29,0.06941618192
2025-08-30,0.0602454394
2025-08-31,0.05900837997
2025-09-01,0.06198260506
2025-09-02,0.06086111745
2025-09-03,0.06438168325
2025-09-04,0.04849351566
2025-09-05,0.04428723629
2025-09-06,0.05356888311
2025-09-07,0.05737011722
2025-09-08,0.04826869013
2025-09-09,0.06475494738
2025-09-10,0.06548184946
2025-09-11,0.07453881309
2025-09-12,0.06062672977
2025-09-13,0.07126534372
2025-09-14,0.09956323994
2025-09-15,0.05409498428
2025-09-16,0.04909763399
2025-09-17,0.04881668465
2025-09-18,0.04839249136
2025-09-19,0.05396621617
2025-09-20,0.0437721707
2025-09-21,0.04290332977
2025-09-22,0.002047018648
2025-09-23,0.0090497236
2025-09-24,-0.001645402
2025-09-25,0.007510094471
2025-09-26,0.06580345027
2025-09-27,0.06539804837
2025-09-28,0.06476642514
2025-09-29,0.0724873293
2025-09-30,0.07099489649
2025-10-01,0.07175202957
2025-10-02,0.07596769196
2025-10-03,0.07427293388
2025-10-04,0.07561882522
2025-10-05,0.07955644468
2025-10-06,0.07964876085
2025-10-07,0.08112370241
2025-10-08,0.07540127026
2025-10-09,0.07206094087
2025-10-10,0.06802246413
2025-10-11,0.07171219035
2025-10-12,0.07256502707
2025-10-13,0.06652665352
2025-10-14,0.05389790498
2025-10-15,0.05849654587
2025-10-16,0.0582505381
2025-10-17,0.05440310704
2025-10-18,0.0610231081
2025-10-19,0.05953997234
2025-10-20,0.05739059204
2025-10-21,0.05321908281
2025-10-22,0.05734116907
2025-10-23,0.05332833728
2025-10-24,0.05546852554
2025-10-25,0.05384405244
2025-10-26,0.0584600266
2025-10-27,0.05937197959
2025-10-28,0.05530580637
2025-10-29,0.04621106044
2025-10-30,0.04871997239
2025-10-31,0.04924407087
2025-11-01,0.04773490762
2025-11-02,0.04698895619
2025-11-03,0.04510672869
2025-11-04,0.0320157464
2025-11-05,0.04567134509
2025-11-06,0.04048419093
2025-11-07,0.04561119083
2025-11-08,0.04094218263
2025-11-09,0.0449486146
2025-11-10,0.04672569312
2025-11-11,0.04120040135
2025-11-12,0.03959851603
2025-11-13,0.04761854402
2025-11-14,0.0398525388
2025-11-15,0.04377593344
2025-11-16,0.04388938577
2025-11-17,0.04276464082
2025-11-18,0.04507571221
2025-11-19,0.04993772326
2025-11-20,0.04466141791
2025-11-21,0.04025324283
2025-11-22,0.03668092681
2025-11-23,0.04568084773
2025-11-24,0.04720357144
2025-11-25,0.05057045767
2025-11-26,0.05223313668
2025-11-27,0.04447038665
2025-11-28,0.04537826606
2025-11-29,0.05003639669
2025-11-30,0.04922150149
2025-12-01,0.04603180396
2025-12-02,0.04774721532
2025-12-03,0.04770373334
2025-12-04,0.0413094797
2025-12-05,0.03550738168
2025-12-06,0.03895494182
2025-12-07,0.03906683496
2025-12-08,0.04469626624
2025-12-09,0.04358008534
2025-12-10,0.03465507967
2025-12-11,0.03696003015
2025-12-12,0.02880782457
2025-12-13,0.04880096102
2025-12-14,0.02880079272
2025-12-15,0.0307407516
2025-12-16,0.03953119725
2025-12-17,0.04485722309
2025-12-18,0.05495329064
2025-12-19,0.07410926615
2025-12-20,0.06007510547
2025-12-21,0.03861343562
2025-12-22,0.02148148813
2025-12-23,0.03085141347
2025-12-24,0.003167016171
2025-12-25,0.002176762615
2025-12-26,0.04698072479
2025-12-27,0.05036582594
2025-12-28,0.05214904809
2025-12-29,0.04640500843
2025-12-30,0.04376507302
2025-12-31,0.04032039912
2026-01-01,0.04180382978
2026-01-02,0.04044623202
2026-01-03,0.04405520743
2026-01-04,0.05027617436
2026-01-05,0.0439602088
2026-01-06,0.04785845575
2026-01-07,0.04995792155
2026-01-08,0.04603095948
2026-01-09,0.04573422438
2026-01-10,0.04738381948
2026-01-11,0.04781422314
2026-01-12,0.04654610423
2026-01-13,0.04359551814
2026-01-14,0.04347407838
2026-01-15,0.04458606936
2026-01-16,0.04424700998
2026-01-17,0.04467937093
2026-01-18,0.04332596937
2026-01-19,0.04330729674
2026-01-20,0.04056719754
2026-01-21,0.03764754652
2026-01-22,0.04126511538
2026-01-23,0.04491733677
2026-01-24,0.04380054885
2026-01-25,0.04422773665
2026-01-26,0.04495536856
2026-01-27,0.04341847986
2026-01-28,0.04059145417
2026-01-29,0.04242879835
2026-01-30,0.04608903885
2026-01-31,0.03574533019
2026-02-01,0.03731216226
2026-02-02,0.03322008517
2026-02-03,0.04157422472
2026-02-04,0.04284709069
2026-02-05,0.03084417339
2026-02-06,0.02359458345
2026-02-07,0.03666930064
2026-02-08,0.03478854731
2026-02-09,0.03337913166
2026-02-10,0.02728164377
2026-02-11,0.02367101226
2026-02-12,0.02710661331
2026-02-13,0.02475680773
2026-02-14,0.02778334486
2026-02-15,0.03075219388
2026-02-16,0.02573007204
2026-02-17,0.03409167282
2026-02-18,0.03100251422
2026-02-19,0.03435466299
2026-02-20,0.04190821658
2026-02-21,0.03642567849
2026-02-22,0.04075739679
2026-02-23,0.03371980973
2026-02-24,0.02596273449
2026-02-25,0.0199045628
2026-02-26,0.01348653791
2026-02-27,0.0255008467
2026-02-28,0.02677635789
2026-03-01,0.008206590551
2026-03-02,0.02690662473
2026-03-03,0.02374540904
2026-03-04,0.0312143569
2026-03-05,0.02810869852
2026-03-06,0.02225518158
2026-03-07,0.0246973495
2026-03-08,0.01308528972
2026-03-09,0.0226486021
2026-03-10,0.02201450734
2026-03-11,0.01670255645
2026-03-12,0.004729400925
2026-03-13,0.03584155939
2026-03-14,0.02069619106
2026-03-15,0.03612108808
2026-03-16,0.01718183911
2026-03-17,0.01871463548
2026-03-18,0.04100548601
2026-03-19,0.039978129
2026-03-20,0.06195969084
2026-03-21,0.0477705295
2026-03-22,0.04695659713
2026-03-23,0.04302091302
2026-03-24,0.03272870625
2026-03-25,0.03857837023
2026-03-26,0.0204900127
2026-03-27,0.01987435381
2026-03-28,0.02043975682
2026-03-29,0.01827144152
2026-03-30,0.02293745431
2026-03-31,0.01781894173
2026-04-01,0.01758244684
2026-04-02,0.01669909791
2026-04-03,0.0196005972
2026-04-04,0.01672806802
2026-04-05,0.01835522035
2026-04-06,0.02439548698
2026-04-07,0.018943499
2026-04-08,0.01605780606
2026-04-09,0.01729055328
2026-04-10,0.01617212554
2026-04-11,0.01157900443
2026-04-12,0.01051410935
2026-04-13,0.008763973443
2026-04-14,0.01278174238
2026-04-15,0.01008431891
2026-04-16,0.01159613929
2026-04-17,0.008308273661
2026-04-18,0.0136507683
2026-04-19,0.0103045197
2026-04-20,0.001696384313
2026-04-21,0.005064911169
2026-04-22,0.00012433772
2026-04-23,0.005074020947
2026-04-24,0.006793211837
2026-04-25,0.003945239949
2026-04-26,0.004572831613
2026-04-27,0.006944172064
2026-04-28,0.008001158898
2026-04-29,0.01078439235
2026-04-30,0.007387798917
2026-05-01,0.008142905664
2026-05-02,0.007344584978
2026-05-03,0.007737785373
2026-05-04,0.007636897982
2026-05-05,0.005529262521
2026-05-06,0.01054351335
2026-05-07,0.008306543166
2026-05-08,0.01309468895
2026-05-09,0.01013638489
2026-05-10,0.008652485357
2026-05-11,0.01060326199
2026-05-12,0.01289876985
2026-05-13,0.01606580065
2026-05-14,0.005058906896
2026-05-15,0.008062964256
2026-05-16,0.008035995538
2026-05-17,0.01300487088
2026-05-18,0.01109302287
2026-05-19,0.01414555381
2026-05-20,0.01600084078
2026-05-21,0.01816934236
2026-05-22,0.02005889725
2026-05-23,0.01163788899
2026-05-24,0.01853053898
2026-05-25,0.02696197556
2026-05-26,0.02202433523
2026-05-27,0.03024722573
2026-05-28,0.02969892587
2026-05-29,0.02328814069
2026-05-30,0.02321871105
2026-05-31,0.02253212991
2026-06-01,0.03117770905
2026-06-02,0.02488997757
2026-06-03,0.02318650707
2026-06-04,0.026995412
2026-06-05,0.03014753187
2026-06-06,0.0278896245
2026-06-07,0.02824953835
2026-06-08,0.02962425091
2026-06-09,0.02787535713
2026-06-10,0.03544088765
2026-06-11,0.02863467972
2026-06-12,0.02626194995
2026-06-13,0.01564516439
2026-06-14,0.02189417249
2026-06-15,0.01727286833
2026-06-16,0.0224737706
2026-06-17,0.007930277815
2026-06-18,0.02939186822
2026-06-19,0.006555329795
2026-06-20,0.007227320169
2026-06-21,0.002725043832
2026-06-22,0.01034883988
2026-06-23,-0.001954992025
2026-06-24,-0.005934205579
2026-06-25,0.01083101424
2026-06-26,0.02895503701
2026-06-27,0.02693974226
2026-06-28,0.03022627655
2026-06-29,0.03181667269
2026-06-30,0.03236432111
2026-07-01,0.03270777826
2026-07-02,0.03317142084
2026-07-03,0.03180554339
2026-07-04,0.03153146203
2026-07-05,0.03467579819
2026-07-06,0.03512695289
2026-07-07,0.03281498965
2026-07-08,0.03354122157
2026-07-09,0.03615494832
2026-07-10,0.03773396611
2026-07-11,0.0349534882
2026-07-12,0.03660877125
2026-07-13,0.03796053613
2026-07-14,0.03656808234
2026-07-15,0.03947967227
2026-07-16,0.03916575024
2026-07-17,0.03662722439
2026-07-18,0.03858383288
2026-07-19,0.03822797557
2026-07-20,0.03664618012
2026-07-21,0.04042998723
2026-07-22,0.03741952749
2026-07-23,0.03625523084
2026-07-24,0.0398765135
2026-07-25,0.03884028987
2026-07-26,0.0418731409
2026-07-27,0.04535950761
2026-07-28,0.03968532239
2026-07-29,0.03939774648
2026-07-30,0.03808358104
2026-07-31,0.03939615379
2026-08-01,0.04038953472
2026-08-02,0.0401982101
2026-08-03,0.04165860216
2026-08-04,0.0409837753
2026-08-05,0.03872493219
2026-08-06,0.04136301704
2026-08-07,0.04007939374
2026-08-08,0.04051672717
2026-08-09,0.03890622798
2026-08-10,0.03992779986
2026-08-11,0.04058252087
2026-08-12,0.04519030735
2026-08-13,0.0462796892
2026-08-14,0.04278126878
2026-08-15,0.04294926708
2026-08-16,0.04236649455
2026-08-17,0.04869618675
2026-08-18,0.04504310248
2026-08-19,0.04370109762
2026-08-20,0.04148268635
2026-08-21,0.03773575118
2026-08-22,0.04421134842
2026-08-23,0.05393089743
2026-08-24,0.04819552627
2026-08-25,0.03795386068
2026-08-26,0.04119700989
2026-08-27,0.04165007723
2026-08-28,0.04548350183
2026-08-29,0.04322283495
2026-08-30,0.04471900073
2026-08-31,0.04086110781
2026-09-01,0.04323610279
2026-09-02,0.03431576014
2026-09-03,0.03647507521
2026-09-04,0.02742638436
2026-09-05,0.0264905998
2026-09-06,0.03795124544
2026-09-07,0.03566352612
2026-09-08,0.03624213928
2026-09-09,0.04477964712
2026-09-10,0.04534276359
2026-09-11,0.04498731401
2026-09-12,0.04700280284
2026-09-13,0.05358073015
2026-09-14,0.0500990022
2026-09-15,0.06234906952
2026-09-16,0.06001140121
2026-09-17,0.06021192091
2026-09-18,0.04273052363
2026-09-19,0.05305242567
2026-09-20,0.03936174763
2026-09-21,0.01698234539
2026-09-22,0.003601185567
2026-09-23,0.007712251103
2026-09-24,-0.008441238781
2026-09-25,0.048270244
2026-09-26,0.05016042293
2026-09-27,0.0500815765
2026-09-28,0.04942404284
2026-09-29,0.05107060205
2026-09-30,0.05062101096
2026-10-01,0.05013669837
2026-10-02,0.05270691317
2026-10-03,0.0498707576
