date,coinbase_premium
2022-08-25,-0.0001085131839
2022-08-26,-0.0001422671857
2022-08-27,3.443801158e-05
2022-08-28,-0.0001569762388
2022-08-29,-0.000257734499
2022-08-30,0.0002660554627
2022-08-31,-0.000121691512
2022-09-01,3.228530274e-05
2022-09-02,-2.806412653e-05
2022-09-03,8.924204763e-05
2022-09-04,0.000181490018
2022-09-05,0.0001354089299
2022-09-06,-5.80034057e-05
2022-09-07,0.0002291449575
2022-09-08,0.0001692669241
2022-09-09,2.340385696e-05
2022-09-10,0.0001764621646
2022-09-11,9.253448284e-05
2022-09-12,0.0002772754671
2022-09-13,0.0001477309908
2022-09-14,6.278891553e-05
2022-09-15,0.0002116804995
2022-09-16,-8.887632052e-05
2022-09-17,-5.617837878e-05
2022-09-18,0.0001926454757
2022-09-19,0.0002958852498
2022-09-20,6.940176736e-05
2022-09-21,3.466580002e-05
2022-09-22,9.536377414e-05
2022-09-23,-0.0001601940993
2022-09-24,8.455944529e-05
2022-09-25,-3.136762861e-05
2022-09-26,-2.080256288e-05
2022-09-27,-0.0001273584906
2022-09-28,-0.0001045631783
2022-09-29,0.0003149662573
2022-09-30,0.0002270656019
2022-10-01,0.0002055791169
2022-10-02,0.0002135911121
2022-10-03,0.0001966418063
2022-10-04,0.0004961863969
2022-10-05,0.0001498119909
2022-10-06,0.0002274423754
2022-10-07,0.0001766549238
2022-10-08,0.0003188552119
2022-10-09,0.0001116180502
2022-10-10,0.0001949908778
2022-10-11,-0.0001568639795
2022-10-12,3.758770464e-05
2022-10-13,4.38646286e-05
2022-10-14,-4.171272447e-05
2022-10-15,-1.887722463e-05
2022-10-16,5.39883925e-05
2022-10-17,0.0001432400909
2022-10-18,-6.932193832e-05
2022-10-19,-0.0001422080944
2022-10-20,-7.456455873e-05
2022-10-21,0.0002374503572
2022-10-22,0.0003332864649
2022-10-23,9.912879078e-05
2022-10-24,-9.7763846e-05
2022-10-25,0.0001882235777
2022-10-26,0.0002214647486
2022-10-27,0.0003237984466
2022-10-28,0.0002627170086
2022-10-29,0.000741538151
2022-10-30,0.0001929537929
2022-10-31,-5.173002782e-05
2022-11-01,-0.0001742891736
2022-11-02,-2.481155623e-05
2022-11-03,2.870391907e-05
2022-11-04,-4.256305243e-05
2022-11-05,-2.347362738e-06
2022-11-06,1.291316138e-05
2022-11-07,0.0003006708019
2022-11-08,0.0002830951739
2022-11-09,-0.00182400603
2022-11-10,-0.002682218725
2022-11-11,-0.002940728325
2022-11-12,-0.001770643129
2022-11-13,-0.00214917516
2022-11-14,-0.001971305682
2022-11-15,-0.001116779509
2022-11-16,-0.0008859543818
2022-11-17,-0.0007146965086
2022-11-18,-0.00110844297
2022-11-19,-0.001477163224
2022-11-20,-0.001852886806
2022-11-21,-0.00148002661
2022-11-22,-0.001687917126
2022-11-23,-0.001192282679
2022-11-24,-0.0009149059195
2022-11-25,-0.0006960247906
2022-11-26,-0.0004538715793
2022-11-27,-0.0004577717716
2022-11-28,-0.0005365402405
2022-11-29,-0.000291921084
2022-11-30,0.0001473946682
2022-12-01,-1.177849365e-06
2022-12-02,0.0001995167132
2022-12-03,8.468002203e-05
2022-12-04,-5.844876965e-06
2022-12-05,-3.241663032e-05
2022-12-06,6.729908298e-05
2022-12-07,0.0001781790105
2022-12-08,5.805178218e-07
2022-12-09,0.0001979307768
2022-12-10,1.167685472e-05
2022-12-11,0.0001703517676
2022-12-12,0.0002650068867
2022-12-13,-0.0003835770529
2022-12-14,-0.0001027697284
2022-12-15,-7.143186322e-05
2022-12-16,0.0002068650326
2022-12-17,0.0002056166114
2022-12-18,0.0001469648181
2022-12-19,-1.581508516e-05
2022-12-20,0.0002278942571
2022-12-21,-0.000245979074
2022-12-22,-0.0005283992297
2022-12-23,-0.0004462397302
2022-12-24,-2.256867112e-05
2022-12-25,-0.000515509838
2022-12-26,-0.0002446504866
2022-12-27,-0.0004890195069
2022-12-28,-0.0005583452677
2022-12-29,-0.000700754844
2022-12-30,-0.0007945441303
2022-12-31,-0.0008794250796
2023-01-01,-0.0002118554809
2023-01-02,-0.0003808484223
2023-01-03,-0.0004395327641
2023-01-04,-0.0004497982435
2023-01-05,-0.0004045744839
2023-01-06,-0.000149847203
2023-01-07,-0.000184709805
2023-01-08,-0.0002405235474
2023-01-09,-0.0001874141504
2023-01-10,0.0002580423189
2023-01-11,-5.182444331e-05
2023-01-12,0.0001883868777
2023-01-13,0.0003251640874
2023-01-14,0.000301660565
2023-01-15,0.0002538995133
2023-01-16,0.0001746617698
2023-01-17,0.0005126505882
2023-01-18,4.353251879e-06
2023-01-19,0.0005466788784
2023-01-20,0.000185744035
2023-01-21,0.000455243865
2023-01-22,0.0002805117027
2023-01-23,0.0002395831515
2023-01-24,0.0002903277124
2023-01-25,0.0004233795754
2023-01-26,2.042590178e-05
2023-01-27,0.0004160382755
2023-01-28,0.0001672088286
2023-01-29,0.0002443133951
2023-01-30,0.0004788588002
2023-01-31,5.448036113e-05
2023-02-01,0.0003063800377
2023-02-02,0.0002571547782
2023-02-03,9.986684421e-05
2023-02-04,0.0001787804345
2023-02-05,0.0001412805072
2023-02-06,0.0001041222756
2023-02-07,-6.151569511e-05
2023-02-08,0.0001907665505
2023-02-09,0.0002583161276
2023-02-10,3.097793169e-05
2023-02-11,0.0003445246658
2023-02-12,0.0002432922491
2023-02-13,0.0005666580949
2023-02-14,0.0003770626951
2023-02-15,9.864851534e-06
2023-02-16,0.0001679978905
2023-02-17,0.0002360429435
2023-02-18,0.0001027048312
2023-02-19,0.0002187345526
2023-02-20,7.527240964e-05
2023-02-21,0.0001811860941
2023-02-22,-0.0002298470442
2023-02-23,0.0001888148111
2023-02-24,-0.0001388523551
2023-02-25,0.0001083896153
2023-02-26,-2.41962186e-05
2023-02-27,-7.151614222e-05
2023-02-28,0.000402835408
2023-03-01,-3.723701359e-05
2023-03-02,9.545725731e-05
2023-03-03,0.0001646200989
2023-03-04,5.592916236e-05
2023-03-05,0.0002269525049
2023-03-06,4.953322742e-05
2023-03-07,-0.000136026845
2023-03-08,-0.000383752482
2023-03-09,-9.328724616e-06
2023-03-10,0.003844665204
2023-03-11,0.008107672075
2023-03-12,0.01017858442
2023-03-13,0.004312489633
2023-03-14,0.003511509159
2023-03-15,0.004005782561
2023-03-16,0.001857598759
2023-03-17,0.002117858342
2023-03-18,0.002800594685
2023-03-19,0.003141604628
2023-03-20,0.003781589913
2023-03-21,0.003505307946
2023-03-22,0.002772517762
2023-03-23,0.002093752319
2023-03-24,0.001341959173
2023-03-25,0.0009387380564
2023-03-26,0.0008223125574
2023-03-27,0.0005850259889
2023-03-28,0.0003135819494
2023-03-29,0.0003612082133
2023-03-30,0.0002954272992
2023-03-31,0.0002845469907
2023-04-01,0.000508135081
2023-04-02,0.0007007803015
2023-04-03,0.0003873961368
2023-04-04,0.0003848229247
2023-04-05,0.0002083814054
2023-04-06,0.0006656013241
2023-04-07,0.0009080289251
2023-04-08,0.0006732283465
2023-04-09,0.0007800444226
2023-04-10,0.0008270374782
2023-04-11,0.0009301601703
2023-04-12,0.0008297811118
2023-04-13,0.000861734133
2023-04-14,0.0008310467513
2023-04-15,0.0009906219363
2023-04-16,0.0005803652441
2023-04-17,0.0007513303747
2023-04-18,0.0004344935188
2023-04-19,0.0001881663502
2023-04-20,9.488237064e-05
2023-04-21,-0.0002402752711
2023-04-22,0.0003599243476
2023-04-23,0.0001732624818
2023-04-24,0.000252652855
2023-04-25,0.000279893273
2023-04-26,0.0004673949769
2023-04-27,0.0003535403229
2023-04-28,0.0009733846012
2023-04-29,0.0006996500039
2023-04-30,0.0002510277088
2023-05-01,0.0001485407739
2023-05-02,0.0006418753925
2023-05-03,0.000170490945
2023-05-04,0.0005280493724
2023-05-05,0.0009814354171
2023-05-06,0.001880866876
2023-05-07,0.001735431941
2023-05-08,0.001046768428
2023-05-09,0.0006619855948
2023-05-10,0.0009134455121
2023-05-11,0.0006882230792
2023-05-12,0.0005538553407
2023-05-13,0.0006940371822
2023-05-14,0.0005305453694
2023-05-15,0.0002403863852
2023-05-16,0.0001361248798
2023-05-17,9.012855178e-05
2023-05-18,7.047347736e-05
2023-05-19,0.0001848593841
2023-05-20,0.0003324158999
2023-05-21,0.0002635947595
2023-05-22,0.0002655730866
2023-05-23,-8.007228544e-05
2023-05-24,-0.0002430890542
2023-05-25,0.0002364691306
2023-05-26,0.0003954419326
2023-05-27,0.0004688070183
2023-05-28,2.992603993e-05
2023-05-29,0.0002675088509
2023-05-30,0.0001390077375
2023-05-31,0.0004807056229
2023-06-01,0.0003810844874
2023-06-02,0.0003373529358
2023-06-03,0.0003103157833
2023-06-04,0.0001452904149
2023-06-05,0.0005324979205
2023-06-06,0.0003205445954
2023-06-07,0.0002357613078
2023-06-08,0.0002837650184
2023-06-09,-3.398419357e-06
2023-06-10,0.0006385547764
2023-06-11,0.0003015904849
2023-06-12,4.323539744e-05
2023-06-13,-0.000303414668
2023-06-14,-0.0002292163269
2023-06-15,-0.001074714328
2023-06-16,-0.0006148987694
2023-06-17,-0.000337161283
2023-06-18,-0.0003431326033
2023-06-19,-0.0002726754603
2023-06-20,0.0006052297789
2023-06-21,-0.0001006730426
2023-06-22,-5.654443255e-05
2023-06-23,0.000567282064
2023-06-24,0.0005627251883
2023-06-25,0.0004181504882
2023-06-26,0.0001513169197
2023-06-27,0.0001459620955
2023-06-28,6.450969308e-05
2023-06-29,-0.0002308437454
2023-06-30,-0.0002881002773
2023-07-01,-2.909628254e-05
2023-07-02,-6.82658514e-05
2023-07-03,2.567311704e-05
2023-07-04,0.000173893824
2023-07-05,-0.0001878380593
2023-07-06,0.0002134278928
2023-07-07,0.000239909309
2023-07-08,0.0001779682563
2023-07-09,0.0001849960879
2023-07-10,0.0001870836649
2023-07-11,0.0001485859839
2023-07-12,1.020357784e-05
2023-07-13,0.0005509545534
2023-07-14,0.0006737028251
2023-07-15,0.0003251705082
2023-07-16,0.0005404994162
2023-07-17,0.0002249778506
2023-07-18,0.0001316230156
2023-07-19,0.0001644835817
2023-07-20,2.784459362e-05
2023-07-21,0.0002535083143
2023-07-22,0.0002527906001
2023-07-23,-3.9557488e-05
2023-07-24,-1.439470275e-05
2023-07-25,-4.995449351e-05
2023-07-26,7.256968223e-05
2023-07-27,-0.0002457044497
2023-07-28,4.605182365e-05
2023-07-29,0.0001229894965
2023-07-30,-2.424689486e-05
2023-07-31,-8.996589506e-05
2023-08-01,-0.0003308973276
2023-08-02,-0.0006983134941
2023-08-03,-0.0006241350488
2023-08-04,-0.001250991828
2023-08-05,-0.0008558062741
2023-08-06,-0.001608633469
2023-08-07,-0.001201124107
2023-08-08,-0.000107143337
2023-08-09,-0.0007145778616
2023-08-10,-0.001058217225
2023-08-11,-0.0009904993612
2023-08-12,-0.0004464816633
2023-08-13,-0.0008893590881
2023-08-14,-0.0009007203044
2023-08-15,-0.00107049662
2023-08-16,-0.001054269286
2023-08-17,0.000246797641
2023-08-18,-0.0002575262132
2023-08-19,-0.0002061160533
2023-08-20,-6.338103456e-05
2023-08-21,-0.0001117570738
2023-08-22,-0.000559932762
2023-08-23,-0.0003237996527
2023-08-24,-0.0006268167564
2023-08-25,-0.0004685053872
2023-08-26,-0.0004838176634
2023-08-27,-0.0004152938472
2023-08-28,-0.0005766557794
2023-08-29,-7.647880058e-05
2023-08-30,0.0002256418522
2023-08-31,-0.0002370983785
2023-09-01,-0.0004425275998
2023-09-02,-0.0001109363102
2023-09-03,-7.970152357e-05
2023-09-04,-0.0004324881037
2023-09-05,-0.0003097871812
2023-09-06,-0.0005345206394
2023-09-07,0.0006283368495
2023-09-08,-0.0003457417047
2023-09-09,-0.0002964621412
2023-09-10,-0.000361439722
2023-09-11,-0.0005308855377
2023-09-12,-0.000119564923
2023-09-13,0.0001773320113
2023-09-14,0.0001869736654
2023-09-15,-2.556093087e-05
2023-09-16,0.0002066691261
2023-09-17,9.989332147e-05
2023-09-18,0.0001565752252
2023-09-19,0.0002289607827
2023-09-20,0.0001342168044
2023-09-21,-5.872145328e-05
2023-09-22,-5.643362089e-05
2023-09-23,0.0001279340161
2023-09-24,6.628950226e-05
2023-09-25,-0.0002516851882
2023-09-26,-0.000452321293
2023-09-27,-0.0005414854447
2023-09-28,0.0001272956701
2023-09-29,-0.00010776703
2023-09-30,-2.596275457e-05
2023-10-01,9.287306395e-06
2023-10-02,0.0002487526003
2023-10-03,0.0001152199754
2023-10-04,0.000170974012
2023-10-05,0.0001079897848
2023-10-06,0.0004715022197
2023-10-07,0.0007307912434
2023-10-08,0.0004853151862
2023-10-09,0.0003142670726
2023-10-10,0.0001675873627
2023-10-11,-0.0003612499023
2023-10-12,-0.0004031941647
2023-10-13,-5.099590916e-05
2023-10-14,-2.941997952e-05
2023-10-15,0.001220123007
2023-10-16,0.0005837859077
2023-10-17,0.0005222934423
2023-10-18,0.0001592401667
2023-10-19,0.0006107710201
2023-10-20,0.0005706523571
2023-10-21,0.0004025032762
2023-10-22,0.0003183906436
2023-10-23,0.0003984955131
2023-10-24,-3.183624379e-05
2023-10-25,0.0003609333824
2023-10-26,4.421254817e-05
2023-10-27,0.0004157323262
2023-10-28,0.0001795811534
2023-10-29,0.0003383271345
2023-10-30,0.0003245114928
2023-10-31,0.0005138775817
2023-11-01,0.0004770884618
2023-11-02,0.0001745655179
2023-11-03,0.0004715554416
2023-11-04,0.0006276914302
2023-11-05,0.0006774878112
2023-11-06,0.0003498139652
2023-11-07,0.0004655393533
2023-11-08,0.0003882072572
2023-11-09,0.0001441365837
2023-11-10,0.0005771607338
2023-11-11,0.0002079102862
2023-11-12,0.0006132751266
2023-11-13,0.000158212663
2023-11-14,0.0002726167835
2023-11-15,0.000751514255
2023-11-16,-4.286184383e-05
2023-11-17,0.0005566785031
2023-11-18,0.0005191943329
2023-11-19,0.0006928888568
2023-11-20,0.0007006787826
2023-11-21,0.0003606704161
2023-11-22,0.000387866281
2023-11-23,0.0001890232458
2023-11-24,0.0007354559217
2023-11-25,0.0006667407784
2023-11-26,0.0004991440574
2023-11-27,-7.168882218e-05
2023-11-28,0.0005912856761
2023-11-29,0.000278443359
2023-11-30,0.0001343858012
2023-12-01,0.0005180503315
2023-12-02,0.0007313035962
2023-12-03,0.0003154692511
2023-12-04,9.526712903e-07
2023-12-05,0.0003265259814
2023-12-06,9.026487599e-05
2023-12-07,0.0001790946822
2023-12-08,0.0002958365588
2023-12-09,7.204924051e-05
2023-12-10,3.37959728e-05
2023-12-11,-0.0005161099515
2023-12-12,-0.0003135665118
2023-12-13,0.0003718252561
2023-12-14,5.275941012e-05
2023-12-15,-0.0001242277493
2023-12-16,-0.0008447472382
2023-12-17,-0.0006407080416
2023-12-18,-9.11991635e-05
2023-12-19,-0.0003022777265
2023-12-20,0.0001069381568
2023-12-21,0.0003538547827
2023-12-22,0.0009786062082
2023-12-23,0.0005136841335
2023-12-24,0.0009056415911
2023-12-25,0.0004698273092
2023-12-26,5.480650716e-05
2023-12-27,0.0009785434208
2023-12-28,0.0004377082227
2023-12-29,-1.545260685e-05
2023-12-30,-0.0001535085118
2023-12-31,0.0001196698437
2024-01-01,0.000769007939
2024-01-02,0.000375923961
2024-01-03,0.00053315157
2024-01-04,0.000892106926
2024-01-05,0.0009330530474
2024-01-06,0.0005035216953
2024-01-07,0.0004639209286
2024-01-08,0.0009179587664
2024-01-09,0.0003205427105
2024-01-10,0.0004332642312
2024-01-11,8.11413305e-05
2024-01-12,-0.0002564042633
2024-01-13,-0.0002210096899
2024-01-14,-0.0008092286089
2024-01-15,-0.0008333803638
2024-01-16,-0.0002167372125
2024-01-17,-0.0008792087355
2024-01-18,-0.0007864298505
2024-01-19,-0.0008624579933
2024-01-20,-0.0006506962666
2024-01-21,-0.0006937948051
2024-01-22,-0.001180915317
2024-01-23,-0.0005488694292
2024-01-24,-0.000182611494
2024-01-25,-0.0005239899306
2024-01-26,-0.0001219515111
2024-01-27,0.0001507590182
2024-01-28,3.306909776e-05
2024-01-29,0.0002143340516
2024-01-30,2.282158643e-05
2024-01-31,-0.0006557685081
2024-02-01,-0.0001854396242
2024-02-02,-0.0003597455391
2024-02-03,-6.811799059e-05
2024-02-04,-0.000503639352
2024-02-05,-0.00115741879
2024-02-06,6.729240872e-06
2024-02-07,-0.0001373177271
2024-02-08,0.0003908363235
2024-02-09,0.0005985292433
2024-02-10,0.0004054645564
2024-02-11,0.0003395452164
2024-02-12,0.0004368990385
2024-02-13,0.0006189807343
2024-02-14,0.001216126466
2024-02-15,0.001038735245
2024-02-16,0.0006894739164
2024-02-17,0.0003915114433
2024-02-18,0.000294025697
2024-02-19,0.0002211466405
2024-02-20,0.000231893375
2024-02-21,7.078382966e-05
2024-02-22,-0.0006102554104
2024-02-23,-2.266090226e-05
2024-02-24,0.0001367243559
2024-02-25,-7.732247726e-06
2024-02-26,0.001147032366
2024-02-27,0.0006744555441
2024-02-28,0.001486557706
2024-02-29,0.000476370362
2024-03-01,0.0009590088639
2024-03-02,0.0005770037091
2024-03-03,0.0006621488227
2024-03-04,0.001695963332
2024-03-05,0.001275590675
2024-03-06,0.0006701171343
2024-03-07,0.001634170794
2024-03-08,0.002409688073
2024-03-09,0.00246517429
2024-03-10,0.001138736774
2024-03-11,0.000368734428
2024-03-12,0.0003615110406
2024-03-13,0.0007161749634
2024-03-14,-0.0004862792772
2024-03-15,9.899280576e-05
2024-03-16,-0.0008250125176
2024-03-17,-0.0008108293823
2024-03-18,1.68609372e-05
2024-03-19,-0.0004864667627
2024-03-20,0.0004968662044
2024-03-21,-0.0003541557583
2024-03-22,0.0002046973817
2024-03-23,0.0001837870446
2024-03-24,-0.0001037018742
2024-03-25,0.0002931166255
2024-03-26,-4.571715936e-05
2024-03-27,-0.0004381974595
2024-03-28,0.0002271664517
2024-03-29,0.0006591971966
2024-03-30,0.0005140025089
2024-03-31,-2.244338306e-05
2024-04-01,0.0004166379528
2024-04-02,-0.0001597566079
2024-04-03,0.0003216774524
2024-04-04,0.0003683211679
2024-04-05,0.0003392129258
2024-04-06,0.0003365908672
2024-04-07,-0.0001104414776
2024-04-08,-0.0001573279653
2024-04-09,-0.0003599843221
2024-04-10,-2.633221917e-05
2024-04-11,0.0001246929098
2024-04-12,0.000415818071
2024-04-13,0.00150903434
2024-04-14,0.001630120298
2024-04-15,0.0003544081085
2024-04-16,0.0002968838172
2024-04-17,7.931521269e-05
2024-04-18,0.0005332388154
2024-04-19,0.0005370286504
2024-04-20,0.0004738358529
2024-04-21,0.0002312979015
2024-04-22,0.0006925309334
2024-04-23,3.914843128e-06
2024-04-24,-0.000417220212
2024-04-25,-0.0003295832771
2024-04-26,-0.0004972237946
2024-04-27,-0.0005988023952
2024-04-28,-0.000206900922
2024-04-29,-0.0003922035262
2024-04-30,-0.0008735049468
2024-05-01,-0.001306267547
2024-05-02,0.0001640643254
2024-05-03,0.0005905283264
2024-05-04,0.0001374148787
2024-05-05,8.981890946e-05
2024-05-06,-0.0002114740501
2024-05-07,-3.915389084e-05
2024-05-08,-0.0003982423085
2024-05-09,7.246032124e-05
2024-05-10,-0.0002093743113
2024-05-11,-0.0001869266432
2024-05-12,-0.0002778586662
2024-05-13,-3.861138829e-05
2024-05-14,-0.0005385477401
2024-05-15,0.0004831399414
2024-05-16,0.0002495558427
2024-05-17,0.0004242150232
2024-05-18,0.0001923450554
2024-05-19,-0.0001505924106
2024-05-20,3.457945364e-05
2024-05-21,-2.651661494e-05
2024-05-22,-0.0009189935452
2024-05-23,-0.0003979843307
2024-05-24,-0.0001764880054
2024-05-25,-1.053536998e-05
2024-05-26,-0.0004755766988
2024-05-27,-0.0006825505898
2024-05-28,-0.001226794765
2024-05-29,-0.001156728167
2024-05-30,-0.0002826300983
2024-05-31,-0.001037716993
2024-06-01,-0.0005683478507
2024-06-02,-0.0004748574911
2024-06-03,-0.0001409869376
2024-06-04,0.0001420625728
2024-06-05,0.0001281077737
2024-06-06,-0.0002508779315
2024-06-07,-0.0003384380227
2024-06-08,-0.0001074857708
2024-06-09,-5.643162583e-05
2024-06-10,-0.0006797037889
2024-06-11,3.015694984e-05
2024-06-12,-0.000310532622
2024-06-13,-0.0005518474535
2024-06-14,-0.00062698915
2024-06-15,-0.0004741526409
2024-06-16,-0.0007371257943
2024-06-17,-0.0001547552266
2024-06-18,-0.0003728303346
2024-06-19,-0.0003387936422
2024-06-20,-0.0006060400554
2024-06-21,-0.0003916103103
2024-06-22,-0.0004355538957
2024-06-23,-0.0006402275521
2024-06-24,-0.0004577828053
2024-06-25,-0.0002651841808
2024-06-26,-0.0008119462229
2024-06-27,-0.001478123896
2024-06-28,-0.002029419551
2024-06-29,-0.001656590699
2024-06-30,-0.001687636003
2024-07-01,-0.001210848516
2024-07-02,-0.001686056803
2024-07-03,-0.001207120166
2024-07-04,-0.0001377738826
2024-07-05,0.000104708344
2024-07-06,0.0001433811156
2024-07-07,-0.0001415989402
2024-07-08,-0.0003714706323
2024-07-09,8.200802507e-05
2024-07-10,-0.000131842925
2024-07-11,-3.191344655e-05
2024-07-12,0.0001887799427
2024-07-13,0.0002479315115
2024-07-14,0.0004001046326
2024-07-15,0.0004705940516
2024-07-16,0.0006532250006
2024-07-17,-2.964766096e-06
2024-07-18,-0.0001303304204
2024-07-19,0.0007157226458
2024-07-20,0.0003892001066
2024-07-21,0.0002549736737
2024-07-22,0.0004978926199
2024-07-23,1.273916261e-05
2024-07-24,-0.0001101362018
2024-07-25,-9.847739959e-05
2024-07-26,0.000223534765
2024-07-27,3.402207163e-05
2024-07-28,7.034049194e-05
2024-07-29,-0.0002193570219
2024-07-30,-0.0003085053505
2024-07-31,-0.0003153334365
2024-08-01,-0.001037701206
2024-08-02,-0.001168321952
2024-08-03,-0.0005776643057
2024-08-04,-0.0005012027146
2024-08-05,0.0002058573068
2024-08-06,0.0004655313984
2024-08-07,9.792774021e-05
2024-08-08,0.0003157923746
2024-08-09,0.0003933383959
2024-08-10,0.0002252085888
2024-08-11,0.000183779383
2024-08-12,0.0001816404934
2024-08-13,0.0003068436533
2024-08-14,6.338722952e-05
2024-08-15,-6.777422494e-06
2024-08-16,0.0001458889546
2024-08-17,-3.714304442e-05
2024-08-18,5.476198218e-05
2024-08-19,0.0001492165709
2024-08-20,0.0001879453958
2024-08-21,0.0001190398326
2024-08-22,5.448824114e-05
2024-08-23,0.0006029843196
2024-08-24,0.0003059538653
2024-08-25,0.0003803666654
2024-08-26,0.0003454407394
2024-08-27,0.0005864845938
2024-08-28,0.0002012399634
2024-08-29,0.0002084172253
2024-08-30,-0.0003860618646
2024-08-31,-0.0001039432297
2024-09-01,5.061426519e-05
2024-09-02,-5.698034601e-05
2024-09-03,-0.0002637255584
2024-09-04,1.725030188e-05
2024-09-05,-0.0003414269439
2024-09-06,-0.000162902066
2024-09-07,9.786578723e-06
2024-09-08,9.494149526e-05
2024-09-09,0.0004050442919
2024-09-10,0.0001021865138
2024-09-11,0.0002527106663
2024-09-12,8.669849052e-05
2024-09-13,0.0007148748514
2024-09-14,0.0003425468147
2024-09-15,-6.545321702e-05
2024-09-16,-5.411264707e-05
2024-09-17,-3.315946719e-05
2024-09-18,2.396074324e-05
2024-09-19,6.099468997e-05
2024-09-20,0.0001691455696
2024-09-21,0.0002326829576
2024-09-22,5.442459362e-05
2024-09-23,4.373493158e-05
2024-09-24,-4.465133067e-05
2024-09-25,-0.00038017636
2024-09-26,0.0002119287821
2024-09-27,0.0002265329362
2024-09-28,8.640417413e-05
2024-09-29,-5.319838118e-05
2024-09-30,-0.0004145118629
2024-10-01,-0.0004028644484
2024-10-02,-0.0001769397828
2024-10-03,-0.0001450115055
2024-10-04,-5.45945589e-05
2024-10-05,-0.0001177918935
2024-10-06,-0.0002298437095
2024-10-07,-0.0003506792603
2024-10-08,-0.0005450809979
2024-10-09,-0.0009766233766
2024-10-10,-0.0007106812726
2024-10-11,-0.00043567934
2024-10-12,-0.0003548494777
2024-10-13,-0.0004246723502
2024-10-14,-0.0003654119093
2024-10-15,-0.0002310945982
2024-10-16,-8.666805691e-05
2024-10-17,-0.000358464402
2024-10-18,-7.730369392e-05
2024-10-19,-3.612896431e-05
2024-10-20,-0.0003004247084
2024-10-21,-0.0003792393542
2024-10-22,-0.0006098971837
2024-10-23,-0.0009733597336
2024-10-24,-0.0006108638753
2024-10-25,-0.002180932394
2024-10-26,-0.001242102722
2024-10-27,-0.001171811258
2024-10-28,-0.0005245764795
2024-10-29,-0.0002976108652
2024-10-30,-0.0003081061356
2024-10-31,-0.001484590809
2024-11-01,-0.0004059255635
2024-11-02,-0.0001738478615
2024-11-03,-0.0004525275086
2024-11-04,-0.0006266764923
2024-11-05,0.0001157515853
2024-11-06,0.000816963199
2024-11-07,0.0007869728962
2024-11-08,0.0008840626883
2024-11-09,0.0005355070101
2024-11-10,0.0008576406172
2024-11-11,0.001474842058
2024-11-12,0.001033947546
2024-11-13,0.001277075053
2024-11-14,0.0001190885148
2024-11-15,0.0003895722944
2024-11-16,0.0005844344377
2024-11-17,0.0002970175829
2024-11-18,0.000622347011
2024-11-19,0.001386555214
2024-11-20,0.001127941557
2024-11-21,0.001239762727
2024-11-22,0.001337117941
2024-11-23,0.001149524146
2024-11-24,0.001310317988
2024-11-25,-2.13973893e-05
2024-11-26,-0.0003323180379
2024-11-27,0.00107555601
2024-11-28,0.0003014533124
2024-11-29,0.0003535951059
2024-11-30,0.0005852150733
2024-12-01,0.0007508987532
2024-12-02,0.0003630459124
2024-12-03,0.0007012507133
2024-12-04,0.001679233359
2024-12-05,0.0008687087459
2024-12-06,0.001577696673
2024-12-07,0.000940748472
2024-12-08,0.0006655279469
2024-12-09,0.0005922859916
2024-12-10,0.0006994281171
2024-12-11,0.0008377391033
2024-12-12,0.0002936967693
2024-12-13,0.0001000802614
2024-12-14,-0.0002101136546
2024-12-15,-0.0002836977184
2024-12-16,0.0003187637886
2024-12-17,8.093969192e-05
2024-12-18,-0.0006223737216
2024-12-19,-0.0008813018107
2024-12-20,-0.0004232851838
2024-12-21,-0.0005470620343
2024-12-22,-0.0008999363267
2024-12-23,-0.00125985281
2024-12-24,-0.0006773679244
2024-12-25,-0.0009454919183
2024-12-26,-0.001188202954
2024-12-27,-0.001401953892
2024-12-28,-0.001830748133
2024-12-29,-0.001858912539
2024-12-30,-0.001893284653
2024-12-31,-0.002467059393
2025-01-01,-0.002176880098
2025-01-02,-0.000878558673
2025-01-03,-0.0004775756391
2025-01-04,-0.0001226813979
2025-01-05,-0.0001887887731
2025-01-06,0.0004774500003
2025-01-07,-0.0001641949753
2025-01-08,-3.893220535e-06
2025-01-09,-6.115408344e-05
2025-01-10,-0.0002672958465
2025-01-11,-0.0005018364381
2025-01-12,-0.0004260184305
2025-01-13,-0.0003390153218
2025-01-14,-0.0002582852716
2025-01-15,0.0001316457208
2025-01-16,-9.020829916e-05
2025-01-17,0.0002171314818
2025-01-18,-0.001115238791
2025-01-19,-0.001212524918
2025-01-20,-0.001162380225
2025-01-21,8.629290034e-05
2025-01-22,-0.0003566879227
2025-01-23,0.0001112449815
2025-01-24,-0.0001509544076
2025-01-25,-6.434963429e-05
2025-01-26,-0.0004044656911
2025-01-27,-0.0001340176594
2025-01-28,-0.0005851051759
2025-01-29,0.0001344794777
2025-01-30,0.0001474306579
2025-01-31,-0.0002795785626
2025-02-01,-9.291168322e-05
2025-02-02,-0.0002290711564
2025-02-03,0.001210805477
2025-02-04,0.0002776985084
2025-02-05,0.000230085876
2025-02-06,0.0001027396906
2025-02-07,0.0003417471382
2025-02-08,0.000188164602
2025-02-09,-8.292226348e-07
2025-02-10,0.0001304503565
2025-02-11,-6.076431485e-05
2025-02-12,-7.734742276e-05
2025-02-13,8.580270553e-05
2025-02-14,5.158762717e-05
2025-02-15,9.878334578e-05
2025-02-16,0.0001485865548
2025-02-17,3.654272419e-05
2025-02-18,-0.0005143398365
2025-02-19,-0.0001269604105
2025-02-20,0.0003997644136
2025-02-21,-0.0001650153006
2025-02-22,0.0003109202182
2025-02-23,1.329667053e-05
2025-02-24,-0.0002587002715
2025-02-25,-0.001093360788
2025-02-26,-0.001687991075
2025-02-27,-0.00108844228
2025-02-28,-0.0004940751298
2025-03-01,-0.0004339030005
2025-03-02,-4.264369706e-05
2025-03-03,-0.000679659057
2025-03-04,-0.0003201268591
2025-03-05,-5.485124497e-05
2025-03-06,-9.062604248e-05
2025-03-07,-0.0004622274246
2025-03-08,-0.0002459760704
2025-03-09,-0.0005465468962
2025-03-10,-0.0006500347347
2025-03-11,-0.0003458993625
2025-03-12,-0.0003879706399
2025-03-13,-0.0005679275637
2025-03-14,-9.775124511e-05
2025-03-15,0.0001121623865
2025-03-16,-0.00018806439
2025-03-17,-5.951537818e-06
2025-03-18,-0.0001322698547
2025-03-19,0.0004256054168
2025-03-20,-0.0005043579232
2025-03-21,-0.000291842329
2025-03-22,2.420989863e-05
2025-03-23,0.0001119845545
2025-03-24,0.0003076687464
2025-03-25,0.0001519197022
2025-03-26,-2.185762175e-06
2025-03-27,-0.0001206034759
2025-03-28,-0.0005389252055
2025-03-29,-0.0004025403478
2025-03-30,-0.0002211213352
2025-03-31,-0.0002735083318
2025-04-01,2.547899333e-05
2025-04-02,-0.0002801975926
2025-04-03,-0.0005043483068
2025-04-04,-0.0003437876241
2025-04-05,-0.0004303626539
2025-04-06,-0.0007044857573
2025-04-07,-0.0004343575701
2025-04-08,-0.00102528629
2025-04-09,-0.0002862558462
2025-04-10,-0.0005924660331
2025-04-11,-0.00042593747
2025-04-12,3.530046442e-05
2025-04-13,-0.0003215138491
2025-04-14,4.445148522e-05
2025-04-15,-0.0002500875665
2025-04-16,-1.166254312e-05
2025-04-17,8.204343476e-05
2025-04-18,-2.521647097e-05
2025-04-19,-0.0001505503727
2025-04-20,-7.466217128e-05
2025-04-21,6.821601968e-05
2025-04-22,0.0004408873822
2025-04-23,0.0006919587814
2025-04-24,0.000511418596
2025-04-25,0.0007268596788
2025-04-26,0.0003681637674
2025-04-27,0.0003901049667
2025-04-28,0.0002943758117
2025-04-29,0.0003086734152
2025-04-30,0.0002064502974
2025-05-01,0.0003811865078
2025-05-02,0.0003943582313
2025-05-03,-2.816560541e-06
2025-05-04,-1.219852408e-05
2025-05-05,-3.493872002e-05
2025-05-06,5.442308943e-05
2025-05-07,0.00033310659
2025-05-08,-0.0001598721797
2025-05-09,9.321655371e-06
2025-05-10,1.135279527e-05
2025-05-11,0.0001115955669
2025-05-12,9.932872848e-05
2025-05-13,3.226807084e-05
2025-05-14,0.0004384541063
2025-05-15,0.0001901380693
2025-05-16,0.000375309778
2025-05-17,0.0002663535453
2025-05-18,4.470797521e-05
2025-05-19,0.0004554406113
2025-05-20,0.000347602767
2025-05-21,0.000517498641
2025-05-22,0.0001846879955
2025-05-23,5.22716261e-05
2025-05-24,0.0002487769934
2025-05-25,0.0004016333211
2025-05-26,0.0002414154511
2025-05-27,0.0003897701403
2025-05-28,0.0003283421736
2025-05-29,-0.0001280471577
2025-05-30,0.0003207695392
2025-05-31,0.000469134811
2025-06-01,0.0005342597369
2025-06-02,0.0005445580567
2025-06-03,0.0005799593307
2025-06-04,0.000696213717
2025-06-05,0.0006916256158
2025-06-06,0.0009826886107
2025-06-07,0.0006197799033
2025-06-08,0.0005230348126
2025-06-09,0.0003097028123
2025-06-10,0.0002370456889
2025-06-11,0.0002178641216
2025-06-12,0.0005418128063
2025-06-13,0.0004959171686
2025-06-14,0.0005172140642
2025-06-15,0.0001832735208
2025-06-16,0.0004642156927
2025-06-17,0.0002528594928
2025-06-18,0.0002431115997
2025-06-19,0.0001863311305
2025-06-20,0.0001277774659
2025-06-21,0.0003488882187
2025-06-22,0.0004722177095
2025-06-23,0.0006016743232
2025-06-24,0.0004420603973
2025-06-25,0.0006029691947
2025-06-26,0.0006248901487
2025-06-27,0.0005546733424
2025-06-28,0.0004613117843
2025-06-29,0.0002301555442
2025-06-30,0.0003099682658
2025-07-01,0.0002240554992
2025-07-02,0.000454065596
2025-07-03,0.0003232858913
2025-07-04,0.0004000540814
2025-07-05,0.0004339198722
2025-07-06,0.0001408391375
2025-07-07,7.149316335e-05
2025-07-08,0.0002941446487
2025-07-09,0.0003914983284
2025-07-10,0.0001327404261
2025-07-11,0.0003391119622
2025-07-12,0.0003027152408
2025-07-13,0.0002922852153
2025-07-14,0.0001252412417
2025-07-15,0.0002457693114
2025-07-16,0.0004381702053
2025-07-17,0.0008029166457
2025-07-18,0.0007550833517
2025-07-19,0.0006446975599
2025-07-20,0.0004485754319
2025-07-21,0.0004318522791
2025-07-22,0.0005962240809
2025-07-23,0.0004424126732
2025-07-24,0.0004667835034
2025-07-25,0.0001485344656
2025-07-26,0.0004437856023
2025-07-27,0.000219525734
2025-07-28,-2.803329102e-05
2025-07-29,-9.080572915e-05
2025-07-30,-5.303963801e-05
2025-07-31,5.468455736e-05
2025-08-01,-0.0004022267669
2025-08-02,-0.000152452161
2025-08-03,0.0001202255652
2025-08-04,-1.521030198e-05
2025-08-05,-0.0001213562459
2025-08-06,0.0002524352216
2025-08-07,0.0003191235806
2025-08-08,0.0001533438648
2025-08-09,0.0001932686529
2025-08-10,0.0001808231856
2025-08-11,0.0001326187313
2025-08-12,-0.0001566610062
2025-08-13,0.0004673662698
2025-08-14,0.0007716919488
2025-08-15,0.0008425225907
2025-08-16,0.0005927447969
2025-08-17,0.0006728580968
2025-08-18,0.0004504690522
2025-08-19,-8.33734991e-05
2025-08-20,-3.150168534e-05
2025-08-21,-0.0002764164342
2025-08-22,-0.0002994603386
2025-08-23,-0.0003485407294
2025-08-24,-0.0001057361882
2025-08-25,7.936868297e-05
2025-08-26,0.0001450276367
2025-08-27,-7.999705179e-06
2025-08-28,9.638960947e-05
2025-08-29,-6.809016319e-05
2025-08-30,0.0001188255296
2025-08-31,-3.233307128e-06
2025-09-01,4.256842302e-05
2025-09-02,0.0001280187569
2025-09-03,0.0005050134288
2025-09-04,-2.799827675e-06
2025-09-05,-2.96367778e-05
2025-09-06,0.0001860387451
2025-09-07,-7.189286074e-05
2025-09-08,8.182867912e-05
2025-09-09,6.652208722e-05
2025-09-10,0.0002305241331
2025-09-11,0.0005377652347
2025-09-12,0.0006543991602
2025-09-13,0.0003791263962
2025-09-14,0.0003975941347
2025-09-15,0.0002642378973
2025-09-16,0.0002984647814
2025-09-17,0.0002842389909
2025-09-18,0.0003150807432
2025-09-19,0.0005227877516
2025-09-20,0.0005748323694
2025-09-21,0.0004015238294
2025-09-22,0.0007153635847
2025-09-23,0.0001125846617
2025-09-24,0.0003977825849
2025-09-25,0.0004121448783
2025-09-26,0.0005234408277
2025-09-27,0.0004602725331
2025-09-28,0.0002279532968
2025-09-29,0.0004555037485
2025-09-30,0.0001798378215
2025-10-01,0.0004406965146
2025-10-02,0.0006679895936
2025-10-03,0.0006462728057
2025-10-04,0.0005037709288
2025-10-05,0.000329526782
2025-10-06,0.0003777080843
2025-10-07,0.0004042197076
2025-10-08,0.0003175076903
2025-10-09,0.0004776567447
2025-10-10,0.001873564543
2025-10-11,0.00103828149
2025-10-12,0.0008295889629
2025-10-13,0.0008606910013
2025-10-14,0.0002830956509
2025-10-15,0.0003694367804
2025-10-16,2.680343195e-05
2025-10-17,0.0003053627333
2025-10-18,0.0003107983534
2025-10-19,0.0002483207516
2025-10-20,0.000214031647
2025-10-21,0.0004825962515
2025-10-22,1.840422368e-05
2025-10-23,0.0003836516955
2025-10-24,0.0002894333844
2025-10-25,0.0001451858486
2025-10-26,-5.682879605e-05
2025-10-27,-0.0002159287786
2025-10-28,0.0001226826488
2025-10-29,7.207505258e-05
2025-10-30,-3.157556531e-05
2025-10-31,-0.000445512531
2025-11-01,-0.000397380468
2025-11-02,-0.0001265490728
2025-11-03,-0.0002469406845
2025-11-04,-0.000219232558
2025-11-05,-0.0001347669975
2025-11-06,-0.0005860883928
2025-11-07,-0.0004947965557
2025-11-08,-0.0003374703504
2025-11-09,-0.0002621215709
2025-11-10,-0.000307701015
2025-11-11,-0.0005079481514
2025-11-12,-0.0001868028094
2025-11-13,-0.0007439158099
2025-11-14,-0.0008240477301
2025-11-15,-0.0006073031181
2025-11-16,-0.0009072923904
2025-11-17,-0.001368365811
2025-11-18,-0.000566221814
2025-11-19,-0.001086706036
2025-11-20,-0.001145250075
2025-11-21,-0.0007766488518
2025-11-22,-0.0006738170734
2025-11-23,-0.0004412377687
2025-11-24,-0.0001767068637
2025-11-25,-0.0003902283792
2025-11-26,-0.0001465483228
2025-11-27,-0.000148910055
2025-11-28,0.0001342274495
2025-11-29,0.0002880996984
2025-11-30,2.445574893e-05
2025-12-01,-1.089434456e-05
2025-12-02,0.0002634634766
2025-12-03,0.0003301114287
2025-12-04,0.000334989089
2025-12-05,0.0001622060924
2025-12-06,0.0003818055694
2025-12-07,9.06032584e-05
2025-12-08,0.0001540160569
2025-12-09,8.09214253e-05
2025-12-10,0.000242246535
2025-12-11,0.0002129216416
2025-12-12,0.0001096732954
2025-12-13,0.0001575778664
2025-12-14,9.879439084e-05
2025-12-15,-0.0001781728948
2025-12-16,-0.000102318382
2025-12-17,-0.0004444155871
2025-12-18,-0.0005389089199
2025-12-19,-0.0005723647115
2025-12-20,-0.0004764270461
2025-12-21,-0.0001821645662
2025-12-22,-0.0007270269416
2025-12-23,-0.0006638670254
2025-12-24,-0.0006943089932
2025-12-25,-0.0006914893617
2025-12-26,-0.0007553627435
2025-12-27,-0.0007294693082
2025-12-28,-0.0008380802947
2025-12-29,-0.001390772434
2025-12-30,-0.001119817033
2025-12-31,-0.00160841818
2026-01-01,-0.001224125492
2026-01-02,-0.0003212689847
2026-01-03,-0.0003859521366
2026-01-04,-0.0004708473395
2026-01-05,-8.948460066e-06
2026-01-06,-0.00029856
2026-01-07,-0.0009978012693
2026-01-08,-0.000781582749
2026-01-09,-0.001330045457
2026-01-10,-0.001318823622
2026-01-11,-0.001538148816
2026-01-12,-0.001269495312
2026-01-13,-0.0002889579696
2026-01-14,9.551719052e-05
2026-01-15,-0.0002023910383
2026-01-16,-0.0005860192549
2026-01-17,-0.0004614629563
2026-01-18,-0.0004330973022
2026-01-19,-0.0007377898692
2026-01-20,-0.001221462452
2026-01-21,-0.001032797093
2026-01-22,-0.001079720679
2026-01-23,-0.001485023659
2026-01-24,-0.001629876854
2026-01-25,-0.001209921216
2026-01-26,-0.001108005963
2026-01-27,-0.001490644258
2026-01-28,-0.001539755364
2026-01-29,-0.001671496089
2026-01-30,-0.001687888413
2026-01-31,-0.001154448437
2026-02-01,-0.00107134506
2026-02-02,-0.0009023608707
2026-02-03,-0.001537517485
2026-02-04,-0.002324783615
2026-02-05,-0.001942358678
2026-02-06,-0.0006248954965
2026-02-07,-0.0007440512697
2026-02-08,-0.0007772912105
2026-02-09,-0.0004906154294
2026-02-10,-0.0005469100671
2026-02-11,-0.0008462814747
2026-02-12,-0.001107399663
2026-02-13,-0.0005519244735
2026-02-14,-0.000497553053
2026-02-15,-0.0006667838502
2026-02-16,-0.0005366129086
2026-02-17,-0.0006265831223
2026-02-18,-0.0007042634947
2026-02-19,-0.0004581870717
2026-02-20,-0.0004349104596
2026-02-21,-0.000313635033
2026-02-22,-0.0002812070317
2026-02-23,-0.000499860033
2026-02-24,0.0001675054951
2026-02-25,4.088842607e-05
2026-02-26,0.000121661532
2026-02-27,-0.0002012958229
2026-02-28,-1.717212442e-05
2026-03-01,-2.432697892e-05
2026-03-02,-4.213138309e-06
2026-03-03,5.839138325e-05
2026-03-04,6.824595512e-05
2026-03-05,4.514392447e-05
2026-03-06,-0.0001300701292
2026-03-07,-5.02505092e-05
2026-03-08,-4.001624902e-05
2026-03-09,0.0001296342036
2026-03-10,0.0001548248749
2026-03-11,0.0001880481175
2026-03-12,9.301666076e-05
2026-03-13,0.0001865190304
2026-03-14,0.0002600630498
2026-03-15,0.0003187889043
2026-03-16,3.96616077e-05
2026-03-17,0.0004047131286
2026-03-18,-0.0001133985749
2026-03-19,-7.722703461e-05
2026-03-20,-0.0002650473582
2026-03-21,-0.0001317448503
2026-03-22,-0.0002234007907
2026-03-23,-0.0003634696756
2026-03-24,-0.0003402898345
2026-03-25,-0.0004677934643
2026-03-26,-0.0008453053444
2026-03-27,-0.0007614010623
2026-03-28,-0.0007360364025
2026-03-29,-0.0009127924238
2026-03-30,-0.0009389235613
2026-03-31,-0.0008223732388
2026-04-01,8.074959111e-06
2026-04-02,-5.112268098e-05
2026-04-03,-1.493428912e-07
2026-04-04,-0.0001600237733
2026-04-05,-0.0003621613791
2026-04-06,0.0001831757238
2026-04-07,-6.813589914e-05
2026-04-08,0.0001898061838
2026-04-09,0.0001547636129
2026-04-10,0.0005548443338
2026-04-11,0.0004339238074
2026-04-12,0.000178817037
2026-04-13,0.0003735645313
2026-04-14,0.0004078285825
2026-04-15,0.0003182623225
2026-04-16,0.0002141136705
2026-04-17,0.0003167102614
2026-04-18,0.000498288619
2026-04-19,0.0002308752258
2026-04-20,0.000322519396
2026-04-21,0.0002473480179
2026-04-22,0.0003251342042
2026-04-23,0.000393863298
2026-04-24,0.0006239221841
2026-04-25,0.0004022185147
2026-04-26,0.0003157064934
2026-04-27,-8.762950555e-05
2026-04-28,-0.0003171247357
2026-04-29,-0.0004159167322
2026-04-30,-0.0005124114381
2026-05-01,-4.473735339e-06
2026-05-02,-0.0001358443572
2026-05-03,-0.0002304745663
2026-05-04,-0.0001581418644
2026-05-05,-4.424598295e-05
2026-05-06,-2.701365295e-05
2026-05-07,-0.0001602135514
2026-05-08,-9.576477776e-05
2026-05-09,-0.0002446833433
2026-05-10,-0.0001691928007
2026-05-11,-0.0001754312992
2026-05-12,-0.0001016238699
2026-05-13,-0.0004064523043
2026-05-14,-6.795346606e-05
2026-05-15,-0.0007342327653
2026-05-16,-0.0004447134765
2026-05-17,-0.0006185487151
2026-05-18,-0.0008248547219
2026-05-19,-0.0009177750592
2026-05-20,-0.0009582167961
2026-05-21,-0.0009286302318
2026-05-22,-0.001301127052
2026-05-23,-0.001276906239
2026-05-24,-0.00124960589
2026-05-25,-0.0009910029912
2026-05-26,-0.001526164705
2026-05-27,-0.00181488252
2026-05-28,-0.001483799635
2026-05-29,-0.00138331582
2026-05-30,-0.001522808974
2026-05-31,-0.001444458318
2026-06-01,-0.001408387594
2026-06-02,-0.001485226379
2026-06-03,-0.00165714936
2026-06-04,-0.001300378312
2026-06-05,-0.0003848957096
2026-06-06,-0.0005718950223
2026-06-07,-0.0004511197465
2026-06-08,-0.0004789739623
2026-06-09,-0.0007160213834
2026-06-10,-0.0009338789632
2026-06-11,-0.001014961966
2026-06-12,-0.0006255288763
2026-06-13,-0.0003787173568
2026-06-14,-0.0005700891791
2026-06-15,-0.0006980976462
2026-06-16,-0.0009646772229
2026-06-17,-0.0008660210009
2026-06-18,-0.001180081108
2026-06-19,-0.001035551848
2026-06-20,-0.001197667185
2026-06-21,-0.001222023913
2026-06-22,-0.001202450193
2026-06-23,-0.001381124316
2026-06-24,-0.001569606575
2026-06-25,-0.001584490555
2026-06-26,-0.00169156232
2026-06-27,-0.001761474735
2026-06-28,-0.001710255321
2026-06-29,-0.001597603677
2026-06-30,-0.0017750904
2026-07-01,-0.001241754947
2026-07-02,-0.001219640963
2026-07-03,-0.001122854107
2026-07-04,-0.0008576098422
2026-07-05,-0.001004958802
2026-07-06,-0.0007363112617
2026-07-07,-0.0007074537504
2026-07-08,-0.0007834763552
2026-07-09,-0.000842183509
2026-07-10,-0.000640646038
2026-07-11,-0.0006919764578
2026-07-12,-0.0007098780916
2026-07-13,-0.001077454474
2026-07-14,-0.0007481860409
2026-07-15,-0.000674332886
2026-07-16,-0.0009431183692
2026-07-17,-0.0006772259698
2026-07-18,-0.0005790180754
2026-07-19,-0.0007557465005
2026-07-20,-0.0007102425091
2026-07-21,-0.0007229100283
2026-07-22,-0.000411260584
2026-07-23,-0.0006877534718
2026-07-24,-0.001045667681
2026-07-25,-0.00124100007
2026-07-26,-0.001009523431
2026-07-27,-0.001026820933
2026-07-28,-0.001280795883
2026-07-29,-0.001376277268
2026-07-30,-0.0009369799915
2026-07-31,-0.001036712667
2026-08-01,-0.0008914330104
2026-08-02,-0.001181446678
2026-08-03,-0.0009616292761
2026-08-04,-0.0006255207472
2026-08-05,-0.0008702537763
2026-08-06,-0.0009094329181
2026-08-07,-0.0003834156185
2026-08-08,-0.0007417225884
2026-08-09,-0.0007798235112
2026-08-10,-0.0009757043063
2026-08-11,-0.0009065976405
2026-08-12,-0.001149568321
2026-08-13,-0.0008435873968
2026-08-14,-0.001072446021
2026-08-15,-0.001037502259
2026-08-16,-0.001068932133
2026-08-17,-0.0007472215507
2026-08-18,-0.000764242061
2026-08-19,-0.0005349228624
2026-08-20,-0.0002715259264
2026-08-21,-0.0001756461955
2026-08-22,-0.0002109751177
2026-08-23,-0.0001741638143
2026-08-24,-0.0001330512798
2026-08-25,-0.0001947999862
2026-08-26,-6.225397344e-05
2026-08-27,0.000361885844
2026-08-28,-7.078195433e-05
2026-08-29,1.188756663e-05
2026-08-30,-0.000161693768
2026-08-31,-0.0002463665389
2026-09-01,-0.0004650369925
2026-09-02,-0.0004168627715
2026-09-03,4.787097235e-05
2026-09-04,0.0001810177415
2026-09-05,1.716142512e-05
2026-09-06,-2.825442424e-05
2026-09-07,-0.0002506579297
2026-09-08,-0.0001477210303
2026-09-09,-0.0002135357666
2026-09-10,-0.0004368551652
2026-09-11,-0.0001922992254
2026-09-12,-0.0002348572094
2026-09-13,-0.0004704825863
2026-09-14,-0.0002645925543
2026-09-15,-0.0007513121191
2026-09-16,-0.0007376524254
2026-09-17,-0.0009233269606
2026-09-18,-0.0003455990507
2026-09-19,-0.0003924159979
2026-09-20,-0.0002458745793
2026-09-21,-0.0002639180399
2026-09-22,-0.0001281767238
2026-09-23,-0.0002510678381
2026-09-24,-0.0002883551436
2026-09-25,-6.979868964e-05
2026-09-26,-0.0002753437652
2026-09-27,-0.000199576226
2026-09-28,-0.0005192808152
2026-09-29,-0.0002280727968
2026-09-30,-0.0007445729648
2026-10-01,-0.0003377813175
2026-10-02,-0.0001658800576
2026-10-03,-0.0001496078693
2026-10-04,-0.0002079165468
2026-10-05,-0.000125233647
2026-10-06,-0.001827785244
