date,etf_flow_musd
2024-01-11,655.3
2024-01-12,203
2024-01-15,0
2024-01-16,-52.7
2024-01-17,453.8
2024-01-18,-126.6
2024-01-19,43.6
2024-01-22,-87.4
2024-01-23,-106.1
2024-01-24,-158.3
2024-01-25,-79.8
2024-01-26,14.8
2024-01-29,255.1
2024-01-30,247.3
2024-01-31,197.6
2024-02-01,38.5
2024-02-02,80
2024-02-05,68.1
2024-02-06,33.6
2024-02-07,146
2024-02-08,405
2024-02-09,541.5
2024-02-12,493.4
2024-02-13,636.3
2024-02-14,339.7
2024-02-15,477.4
2024-02-16,330.3
2024-02-19,0
2024-02-20,135.6
2024-02-21,-35.6
2024-02-22,251.4
2024-02-23,232.5
2024-02-26,519.9
2024-02-27,576.9
2024-02-28,673.4
2024-02-29,92.3
2024-03-01,-139.6
2024-03-04,562.7
2024-03-05,648.3
2024-03-06,332
2024-03-07,472.5
2024-03-08,223
2024-03-11,505.4
2024-03-12,1045
2024-03-13,683.7
2024-03-14,132.7
2024-03-15,198.8
2024-03-18,-154.3
2024-03-19,-326.2
2024-03-20,-261.5
2024-03-21,-94
2024-03-22,-51.6
2024-03-25,15.4
2024-03-26,418
2024-03-27,243.5
2024-03-28,182.8
2024-03-29,0
2024-04-01,-85.7
2024-04-02,39.5
2024-04-03,113.5
2024-04-04,213.4
2024-04-05,203
2024-04-08,-223.8
2024-04-09,-19.4
2024-04-10,123.7
2024-04-11,91.3
2024-04-12,-55.1
2024-04-15,-36.7
2024-04-16,-58
2024-04-17,-165
2024-04-18,-4.3
2024-04-19,59.7
2024-04-22,62.2
2024-04-23,31.6
2024-04-24,-120.6
2024-04-25,-217.6
2024-04-26,-83.6
2024-04-29,-51.6
2024-04-30,-161.6
2024-05-01,-563.7
2024-05-02,-34.4
2024-05-03,378.3
2024-05-06,217
2024-05-07,-15.7
2024-05-08,11.5
2024-05-09,-11.3
2024-05-10,-84.7
2024-05-13,66
2024-05-14,100.5
2024-05-15,303
2024-05-16,257.3
2024-05-17,221.5
2024-05-20,237.2
2024-05-21,305.7
2024-05-22,154
2024-05-23,107.9
2024-05-24,251.9
2024-05-27,0
2024-05-28,45
2024-05-29,28.3
2024-05-30,48.8
2024-05-31,48.8
2024-06-03,105.1
2024-06-04,886.6
2024-06-05,488.1
2024-06-06,217.7
2024-06-07,131
2024-06-10,-64.9
2024-06-11,-200.4
2024-06-12,100.8
2024-06-13,-226.2
2024-06-14,-189.9
2024-06-17,-145.9
2024-06-18,-152.4
2024-06-19,0
2024-06-20,-139.9
2024-06-21,-105.9
2024-06-24,-174.5
2024-06-25,31
2024-06-26,21.4
2024-06-27,11.8
2024-06-28,73
2024-07-01,129.5
2024-07-02,-13.7
2024-07-03,-20.5
2024-07-04,0
2024-07-05,143.1
2024-07-08,294.8
2024-07-09,216.4
2024-07-10,147.4
2024-07-11,78.9
2024-07-12,310.1
2024-07-15,300.9
2024-07-16,422.5
2024-07-17,53.3
2024-07-18,37.2
2024-07-19,427.2
2024-07-22,485.9
2024-07-23,-78
2024-07-24,44.5
2024-07-25,31.1
2024-07-26,51.8
2024-07-29,124.1
2024-07-30,-18.3
2024-07-31,0.3
2024-08-01,50.6
2024-08-02,-237.4
2024-08-05,-168.4
2024-08-06,-148.6
2024-08-07,45.1
2024-08-08,194.6
2024-08-09,-89.7
2024-08-12,27.8
2024-08-13,39
2024-08-14,-81.4
2024-08-15,11.1
2024-08-16,35.9
2024-08-19,62.1
2024-08-20,88
2024-08-21,39.5
2024-08-22,64.8
2024-08-23,252
2024-08-26,202.6
2024-08-27,-127.1
2024-08-28,-105.3
2024-08-29,-71.8
2024-08-30,-175.6
2024-09-02,0
2024-09-03,-287.8
2024-09-04,-37.2
2024-09-05,-211.1
2024-09-06,-170
2024-09-09,28.6
2024-09-10,117
2024-09-11,-43.9
2024-09-12,39
2024-09-13,263.2
2024-09-16,12.8
2024-09-17,186.8
2024-09-18,-52.7
2024-09-19,158.3
2024-09-20,92
2024-09-23,4.5
2024-09-24,136
2024-09-25,105.9
2024-09-26,365.7
2024-09-27,494.4
2024-09-30,61.3
2024-10-01,-242.6
2024-10-02,-91.7
2024-10-03,-54.2
2024-10-04,25.6
2024-10-07,235.2
2024-10-08,-18.6
2024-10-09,-40.6
2024-10-10,-120.8
2024-10-11,253.6
2024-10-14,555.9
2024-10-15,371
2024-10-16,458.5
2024-10-17,470.5
2024-10-18,273.7
2024-10-21,294.3
2024-10-22,-79.1
2024-10-23,192.4
2024-10-24,188
2024-10-25,402
2024-10-28,479.4
2024-10-29,870.1
2024-10-30,893.3
2024-10-31,32.3
2024-11-01,-54.9
2024-11-04,-541.1
2024-11-05,-116.8
2024-11-06,621.9
2024-11-07,1373.8
2024-11-08,293.4
2024-11-11,1114.1
2024-11-12,817.5
2024-11-13,510.1
2024-11-14,-400.7
2024-11-15,-370
2024-11-18,254.8
2024-11-19,829.5
2024-11-20,773.4
2024-11-21,1005.1
2024-11-22,490.3
2024-11-25,-435.3
2024-11-26,-122.8
2024-11-27,103
2024-11-28,0
2024-11-29,320
2024-12-02,353.6
2024-12-03,676
2024-12-04,556.8
2024-12-05,766.7
2024-12-06,376.6
2024-12-09,479.1
2024-12-10,438.5
2024-12-11,223.1
2024-12-12,597.5
2024-12-13,428.9
2024-12-16,636.9
2024-12-17,493.9
2024-12-18,275.3
2024-12-19,-671.9
2024-12-20,-277
2024-12-23,-226.5
2024-12-24,-338.4
2024-12-25,0
2024-12-26,475.2
2024-12-27,-287.9
2024-12-30,-415.1
2024-12-31,5.3
2025-01-01,0
2025-01-02,-242.3
2025-01-03,908.1
2025-01-06,978.6
2025-01-07,52.4
2025-01-08,-568.8
2025-01-09,0
2025-01-10,-149.4
2025-01-13,-284.1
2025-01-14,-209.8
2025-01-15,755.1
2025-01-16,626.1
2025-01-17,1072.8
2025-01-20,0
2025-01-21,802.6
2025-01-22,248.7
2025-01-23,188.7
2025-01-24,517.7
2025-01-27,-457.6
2025-01-28,18.4
2025-01-29,92
2025-01-30,588.1
2025-01-31,318.6
2025-02-03,-234.4
2025-02-04,340.7
2025-02-05,66.4
2025-02-06,-140.2
2025-02-07,171.3
2025-02-10,-186.3
2025-02-11,-56.7
2025-02-12,-251
2025-02-13,-157.8
2025-02-14,66.2
2025-02-17,0
2025-02-18,-60.7
2025-02-19,-71.2
2025-02-20,-364.8
2025-02-21,-62.9
2025-02-24,-565.9
2025-02-25,-1113.7
2025-02-26,-757.8
2025-02-27,-275.9
2025-02-28,94.3
2025-03-03,-74.2
2025-03-04,-143.5
2025-03-05,-38.3
2025-03-06,-134.3
2025-03-07,-409.3
2025-03-10,-372.5
2025-03-11,-396.3
2025-03-12,13.3
2025-03-13,-143.4
2025-03-14,41.3
2025-03-17,274.6
2025-03-18,209.1
2025-03-19,11.8
2025-03-20,165.7
2025-03-21,83.1
2025-03-24,79.7
2025-03-25,26.8
2025-03-26,89.6
2025-03-27,81.7
2025-03-28,-94.9
2025-03-31,-71.2
2025-04-01,-157.8
2025-04-02,220.8
2025-04-03,-99.8
2025-04-04,-64.9
2025-04-07,-109.2
2025-04-08,-328
2025-04-09,-127.2
2025-04-10,-149.5
2025-04-11,-1
2025-04-14,1.5
2025-04-15,76.4
2025-04-16,-169.8
2025-04-17,106.9
2025-04-18,0
2025-04-21,387.4
2025-04-22,936.5
2025-04-23,917
2025-04-24,442
2025-04-25,380
2025-04-28,591.2
2025-04-29,172.8
2025-04-30,-56.3
2025-05-01,422.5
2025-05-02,674.9
2025-05-05,425.5
2025-05-06,-85.63533425
2025-05-07,142.3076516
2025-05-08,117.4613993
2025-05-09,334.5846295
2025-05-12,5.09668281
2025-05-13,-96.142497
2025-05-14,319.5585288
2025-05-15,114.9584832
2025-05-16,260.2661346
2025-05-19,667.4381261
2025-05-20,329.0221021
2025-05-21,608.9936788
2025-05-22,934.7424597
2025-05-23,211.7374243
2025-05-26,0
2025-05-27,384.852937
2025-05-28,432.6188883
2025-05-29,-358.6534616
2025-05-30,-616.2184142
2025-06-02,-267.5203499
2025-06-03,378.0432214
2025-06-04,86.92155095
2025-06-05,-278.4359589
2025-06-06,-47.82250715
2025-06-09,386.2741418
2025-06-10,431.1208406
2025-06-11,164.5659248
2025-06-12,86.3113509
2025-06-13,322.6029463
2025-06-16,412.2011473
2025-06-17,216.483837
2025-06-18,389.5671939
2025-06-19,0
2025-06-20,6.36576925
2025-06-23,350.4292404
2025-06-24,588.5471545
2025-06-25,547.7206952
2025-06-26,228.1504392
2025-06-27,501.2710882
2025-06-30,102.1392236
2025-07-01,-342.2513873
2025-07-02,407.778962
2025-07-03,601.9377868
2025-07-07,216.6386814
2025-07-08,80.0789757
2025-07-09,218.0404212
2025-07-10,1178.827866
2025-07-11,1029.699313
2025-07-14,297.3963704
2025-07-15,402.9948564
2025-07-16,799.3999952
2025-07-17,522.5995518
2025-07-18,363.4541604
2025-07-21,-131.3490968
2025-07-22,-67.93219089
2025-07-23,-85.96275804
2025-07-24,226.6082779
2025-07-25,130.6929032
2025-07-28,157.0212425
2025-07-29,79.97806935
2025-07-30,47.0382534
2025-07-31,-114.8342422
2025-08-01,-812.2469661
2025-08-04,-333.1918577
2025-08-05,-196.1788
2025-08-06,91.55434055
2025-08-07,280.6884523
2025-08-08,403.8812136
2025-08-11,178.1549988
2025-08-12,65.9474284
2025-08-13,86.91454282
2025-08-14,230.9337696
2025-08-15,-14.129519
2025-08-18,-121.8089667
2025-08-19,-523.3114234
2025-08-20,-311.5664832
2025-08-21,-194.3210821
2025-08-22,-23.14918386
2025-08-25,219.0014458
2025-08-26,88.20494078
2025-08-27,81.24602475
2025-08-28,178.8963095
2025-08-29,-126.6427507
2025-09-02,332.7606137
2025-09-03,301.324766
2025-09-04,-227.482223
2025-09-05,-160.1781876
2025-09-08,368.2516084
2025-09-09,23.05489509
2025-09-10,757.144699
2025-09-11,552.7821665
2025-09-12,642.3501749
2025-09-15,260.01776
2025-09-16,292.2661654
2025-09-17,-51.28242657
2025-09-18,163.0257176
2025-09-19,222.619088
2025-09-22,-363.1694415
2025-09-23,-103.6097228
2025-09-24,240.997524
2025-09-25,-258.4599658
2025-09-26,-418.2543861
2025-09-29,521.9517653
2025-09-30,429.9571092
2025-10-01,675.8140649
2025-10-02,627.244402
2025-10-03,985.0817133
2025-10-06,1205.182659
2025-10-07,875.60745
2025-10-08,440.7251284
2025-10-09,197.6840647
2025-10-10,-4.50377223
2025-10-13,-326.5154341
2025-10-14,102.5823805
2025-10-15,-104.1146439
2025-10-16,-536.4364615
2025-10-17,-366.5850531
2025-10-20,-40.46831094
2025-10-21,477.1854006
2025-10-22,-101.2857332
2025-10-23,20.32541498
2025-10-24,90.6049708
2025-10-27,149.297173
2025-10-28,202.4833405
2025-10-29,-470.7066141
2025-10-30,-488.4260305
2025-10-31,-191.596716
2025-11-03,-186.51248
2025-11-04,-577.7360159
2025-11-05,-136.9964565
2025-11-06,240.0258349
2025-11-07,-558.4423689
2025-11-10,1.15291826
2025-11-11,523.9831602
2025-11-12,-277.9751504
2025-11-13,-869.8642414
2025-11-14,-492.108484
2025-11-17,-254.5120055
2025-11-18,-372.7669386
2025-11-19,75.46958048
2025-11-20,-903.1125467
2025-11-21,238.4739624
2025-11-24,-151.0819327
2025-11-25,128.6356704
2025-11-26,21.1227632
2025-11-28,71.37099081
2025-12-01,8.4791706
2025-12-02,58.4994502
2025-12-03,-14.8983226
2025-12-04,-194.6371204
2025-12-05,54.78957611
2025-12-08,-60.4798585
2025-12-09,151.7420567
2025-12-10,223.5205639
2025-12-11,-77.34187156
2025-12-12,49.16401585
2025-12-15,-357.6885268
2025-12-16,-277.0855911
2025-12-17,457.2929934
2025-12-18,-161.3248779
2025-12-19,-158.2483
2025-12-22,-142.1930408
2025-12-23,-188.6377999
2025-12-24,-175.285362
2025-12-26,-275.8819892
2025-12-29,-19.29138322
2025-12-30,355.0168683
2025-12-31,-348.0950846
2026-01-02,471.1410735
2026-01-05,697.2515511
2026-01-06,-243.2380174
2026-01-07,-486.0838493
2026-01-08,-398.9468495
2026-01-09,-249.990156
2026-01-12,116.6678032
2026-01-13,753.7253348
2026-01-14,843.620502
2026-01-15,100.1816574
2026-01-16,-394.6773311
2026-01-20,-483.3844053
2026-01-21,-708.7118168
2026-01-22,-32.10814
2026-01-23,-103.5672524
2026-01-26,6.84266869
2026-01-27,-147.3710177
2026-01-28,-19.64488907
2026-01-29,-817.868771
2026-01-30,-509.6958599
2026-02-02,561.8947592
2026-02-03,-272.0211466
2026-02-04,-544.9421164
2026-02-05,-434.1504438
2026-02-06,371.1497611
2026-02-09,144.9969008
2026-02-10,166.5595946
2026-02-11,-276.3010472
2026-02-12,-410.3663376
2026-02-13,15.2028706
2026-02-17,-104.867619
2026-02-18,-133.269749
2026-02-19,-165.761964
2026-02-20,88.0422436
2026-02-23,-203.8163103
2026-02-24,257.710106
2026-02-25,506.5113023
2026-02-26,254.4554665
2026-02-27,-27.55028705
2026-03-02,458.1875752
2026-03-03,225.1527149
2026-03-04,461.7708411
2026-03-05,-227.8338387
2026-03-06,-348.8286183
2026-03-09,167.0301451
2026-03-10,250.9247919
2026-03-11,115.1709948
2026-03-12,53.86806058
2026-03-13,180.3338278
2026-03-16,201.6229699
2026-03-17,199.3727367
2026-03-18,-163.5217019
2026-03-19,-90.18963272
2026-03-20,-52.1091794
2026-03-23,167.2292364
2026-03-24,-74.52742281
2026-03-25,7.80686484
2026-03-26,-171.2154652
2026-03-27,-225.476322
2026-03-30,69.440425
2026-03-31,117.6327991
2026-04-01,-173.7252955
2026-04-02,8.99260375
2026-04-06,471.32305
2026-04-07,-159.0497073
2026-04-08,-124.5472522
2026-04-09,358.1709694
2026-04-10,240.4175919
2026-04-13,-291.1110959
2026-04-14,411.4980989
2026-04-15,186.0261065
2026-04-16,26.05107056
2026-04-17,663.9113665
2026-04-20,238.3742506
2026-04-21,11.84418878
2026-04-22,335.822985
2026-04-23,223.2077682
2026-04-24,14.44889192
2026-04-27,-263.1833571
2026-04-28,-89.67536492
2026-04-29,-137.7662148
2026-04-30,14.75777209
2026-05-01,629.7345678
2026-05-04,532.214927
2026-05-05,467.3500618
2026-05-06,46.3305529
2026-05-07,-277.4970517
2026-05-08,-145.6510123
2026-05-11,27.28641025
2026-05-12,-233.2512857
2026-05-13,-635.2277654
2026-05-14,131.313431
2026-05-15,-290.4186442
2026-05-18,-648.6405666
2026-05-19,-331.0451359
2026-05-20,-70.4655395
2026-05-21,-100.82484
2026-05-22,-105.185693
2026-05-26,-333.7102268
2026-05-27,-733.4256199
2026-05-28,-228.8807753
2026-05-29,-125.3056271
2026-06-01,-483.7608716
2026-06-02,-519.1904489
2026-06-03,-396.5965018
2026-06-04,3.04680214
2026-06-05,-325.6949983
2026-06-08,-91.37356958
2026-06-09,-77.43779475
2026-06-10,-213.8497195
2026-06-11,-19.02646376
2026-06-12,85.84983777
2026-06-15,-64.0862257
2026-06-16,10.06425878
2026-06-17,-82.16366486
2026-06-18,-90.65660872
2026-06-22,-68.17573978
2026-06-23,-113.7802006
2026-06-24,-469.0754179
2026-06-25,-696.2920559
2026-06-26,-444.5056
2026-06-29,-231.0982211
2026-06-30,-222.6443114
2026-07-01,-294.6194819
2026-07-02,221.7192735
2026-07-06,265.6869353
2026-07-07,21.43500425
2026-07-08,-84.860056
2026-07-09,-95.30169651
2026-07-10,90.43997
2026-07-13,-424.6612259
2026-07-14,181.0835379
2026-07-15,107.8045538
2026-07-16,79.15002298
2026-07-17,132.2963948
2026-07-20,226.9193726
2026-07-21,203.1442954
2026-07-22,68.98704688
2026-07-23,-225.1768284
2026-07-24,-240.0846525
2026-07-27,-11.6438988
2026-07-28,-49.754364
2026-07-29,32.1098938
2026-07-30,233.1292862
2026-07-31,-265.3727782
2026-08-03,170.0903845
2026-08-04,211.4923762
2026-08-05,244.4192633
2026-08-06,128.6881958
2026-08-07,98.845327
2026-08-10,-144.6709422
2026-08-11,4.88624395
2026-08-12,-61.163714
2026-08-13,-131.129457
2026-08-14,-57.63215075
2026-08-17,297.5569307
2026-08-18,189.2964693
2026-08-19,517.1925053
2026-08-20,606.2905062
2026-08-21,307.4533061
2026-08-24,337.5566787
2026-08-25,314.369659
2026-08-26,232.1183946
2026-08-27,242.2382134
2026-08-28,-201.8065595
2026-08-31,216.7020532
2026-09-01,-236.4634734
2026-09-02,101.1467064
2026-09-03,730.8724808
2026-09-04,174.5953238
2026-09-08,-46.64640587
2026-09-09,-120.2390768
2026-09-10,-282.5584734
2026-09-11,-13.28929811
2026-09-14,160.0427138
2026-09-15,-450.3294187
2026-09-16,-295.9807631
2026-09-17,159.4537232
2026-09-18,433.0274024
2026-09-21,998.952287
2026-09-22,714.7489855
2026-09-23,346.9772162
2026-09-24,190.6461103
2026-09-25,134.4651692
2026-09-28,31.07056645
2026-09-29,66.1947024
2026-09-30,-148.6877622
2026-10-01,102.6705571
2026-10-02,189.8440862
2026-10-05,-89.897783
