date,funding
2019-09-10,0.0001
2019-09-11,0.0001
2019-09-12,0.0001
2019-09-13,0.0001
2019-09-14,0.0001
2019-09-15,0.0001
2019-09-16,0.0001
2019-09-17,0.0001
2019-09-18,0.0001
2019-09-19,0.0001
2019-09-20,0.0001
2019-09-21,0.0001
2019-09-22,0.0001
2019-09-23,0.0001
2019-09-24,0.0001
2019-09-25,0.0001
2019-09-26,0.0001
2019-09-27,0.0001
2019-09-28,0.0001
2019-09-29,0.0001
2019-09-30,0.0001
2019-10-01,0.0001
2019-10-02,-0.0001081933333
2019-10-03,-9.698666667e-05
2019-10-04,-3.733333333e-07
2019-10-05,-0.0001652466667
2019-10-06,-3.995333333e-05
2019-10-07,-0.0001664266667
2019-10-08,0.0001
2019-10-09,0.0001
2019-10-10,0.0001
2019-10-11,0.0001
2019-10-12,0.0001
2019-10-13,0.0001
2019-10-14,0.0001
2019-10-15,0.0001
2019-10-16,0.0001
2019-10-17,0.0001
2019-10-18,0.0001
2019-10-19,0.0001
2019-10-20,0.0001
2019-10-21,0.0001
2019-10-22,0.0001
2019-10-23,0.0001
2019-10-24,5.201666667e-05
2019-10-25,1.763666667e-05
2019-10-26,0.0001819433333
2019-10-27,0.0001285366667
2019-10-28,0.00054853
2019-10-29,0.0003904333333
2019-10-30,0.0003554533333
2019-10-31,0.00030943
2019-11-01,0.00024867
2019-11-02,0.0001
2019-11-03,0.0001
2019-11-04,0.00010024
2019-11-05,0.0001
2019-11-06,0.0001129233333
2019-11-07,0.0002151966667
2019-11-08,0.0001083333333
2019-11-09,0.0001
2019-11-10,0.0001
2019-11-11,0.0001
2019-11-12,0.0001
2019-11-13,-6.963333333e-06
2019-11-14,0.0001
2019-11-15,0.0001
2019-11-16,0.0001
2019-11-17,0.0001
2019-11-18,0.0001
2019-11-19,0.0001
2019-11-20,0.0001
2019-11-21,0.0001
2019-11-22,-3.063e-05
2019-11-23,-0.0002000266667
2019-11-24,3.261333333e-05
2019-11-25,-1.378333333e-05
2019-11-26,-0.0003049933333
2019-11-27,-7.947333333e-05
2019-11-28,0.0001
2019-11-29,0.0001
2019-11-30,6.024666667e-05
2019-12-01,0.0001
2019-12-02,7.240333333e-05
2019-12-03,3.098333333e-05
2019-12-04,-7.633333333e-06
2019-12-05,-1.804e-05
2019-12-06,6.715333333e-05
2019-12-07,7.936333333e-05
2019-12-08,0.0001
2019-12-09,0.0001
2019-12-10,0.0001
2019-12-11,2.79e-05
2019-12-12,-1.893333333e-05
2019-12-13,-9.443333333e-05
2019-12-14,2.298e-05
2019-12-15,2.806333333e-05
2019-12-16,-9.299666667e-05
2019-12-17,-6.547e-05
2019-12-18,-0.00017045
2019-12-19,0.0001
2019-12-20,2.202333333e-05
2019-12-21,6.587666667e-05
2019-12-22,7.19e-05
2019-12-23,0.0001
2019-12-24,0.0001
2019-12-25,8.702333333e-05
2019-12-26,5.715333333e-05
2019-12-27,-3.951e-05
2019-12-28,-3.264e-05
2019-12-29,-7.325666667e-05
2019-12-30,-9.859333333e-05
2019-12-31,-3.839e-05
2020-01-01,-0.0001146866667
2020-01-02,4.588666667e-05
2020-01-03,2.261e-05
2020-01-04,5.823666667e-05
2020-01-05,0.0001
2020-01-06,0.0001
2020-01-07,0.0001
2020-01-08,0.00010838
2020-01-09,0.0001
2020-01-10,0.0001
2020-01-11,0.0001261533333
2020-01-12,0.0001
2020-01-13,0.0001
2020-01-14,0.000153
2020-01-15,0.0002629633333
2020-01-16,0.0002755233333
2020-01-17,0.0002725866667
2020-01-18,0.0002375433333
2020-01-19,0.0005061233333
2020-01-20,0.00016828
2020-01-21,0.0001440733333
2020-01-22,0.0001379733333
2020-01-23,0.0002410133333
2020-01-24,0.0003826366667
2020-01-25,0.0001
2020-01-26,0.0001
2020-01-27,0.0001
2020-01-28,0.00044361
2020-01-29,0.00074737
2020-01-30,0.0002777633333
2020-01-31,0.0005685433333
2020-02-01,0.0006323666667
2020-02-02,0.00042901
2020-02-03,0.00035513
2020-02-04,0.0006397466667
2020-02-05,0.0002421033333
2020-02-06,0.0009932933333
2020-02-07,0.0002998666667
2020-02-08,0.0006736266667
2020-02-09,0.0007942366667
2020-02-10,0.00109891
2020-02-11,0.0005296866667
2020-02-12,0.001706463333
2020-02-13,0.0008279
2020-02-14,0.00064575
2020-02-15,0.00081114
2020-02-16,0.00049674
2020-02-17,0.0006507166667
2020-02-18,0.00023527
2020-02-19,0.0004188
2020-02-20,0.0001
2020-02-21,0.0001
2020-02-22,0.0001074766667
2020-02-23,0.0004466033333
2020-02-24,0.0002445366667
2020-02-25,0.00035567
2020-02-26,0.0004182
2020-02-27,0.0001245433333
2020-02-28,0.0001508766667
2020-02-29,0.00061349
2020-03-01,0.0003609433333
2020-03-02,0.0001290666667
2020-03-03,0.0001
2020-03-04,0.00014776
2020-03-05,0.0001766733333
2020-03-06,0.00025946
2020-03-07,0.0003475866667
2020-03-08,0.0004911766667
2020-03-09,0.0001
2020-03-10,0.0001
2020-03-11,0.0001429933333
2020-03-12,1.807666667e-05
2020-03-13,-0.001271503333
2020-03-14,-0.0004389733333
2020-03-15,-0.00050297
2020-03-16,-0.0005183766667
2020-03-17,-0.0001269466667
2020-03-18,-0.0002786933333
2020-03-19,-0.0002137833333
2020-03-20,-2.213333333e-05
2020-03-21,-1.381666667e-05
2020-03-22,2.460666667e-05
2020-03-23,-7.697e-05
2020-03-24,0.0001
2020-03-25,9.923666667e-05
2020-03-26,3.326333333e-05
2020-03-27,4.403e-05
2020-03-28,-0.0002503866667
2020-03-29,-0.00026005
2020-03-30,-0.0003503633333
2020-03-31,-0.0001228533333
2020-04-01,-0.0003096666667
2020-04-02,-2.211e-05
2020-04-03,6.375333333e-05
2020-04-04,1.356333333e-05
2020-04-05,1.187333333e-05
2020-04-06,-1.817666667e-05
2020-04-07,-4.889e-05
2020-04-08,4.638e-05
2020-04-09,-2.953e-05
2020-04-10,4.999e-05
2020-04-11,0.0001
2020-04-12,9.484333333e-05
2020-04-13,-5.066333333e-05
2020-04-14,-5.272666667e-05
2020-04-15,-4.836e-05
2020-04-16,-0.0001555133333
2020-04-17,8.333333333e-06
2020-04-18,-0.0001330633333
2020-04-19,-5.531333333e-05
2020-04-20,-2.982e-05
2020-04-21,-2.239666667e-05
2020-04-22,-0.00015103
2020-04-23,-9.277e-05
2020-04-24,0.0001
2020-04-25,0.0001
2020-04-26,9.164333333e-05
2020-04-27,0.0001
2020-04-28,0.0001
2020-04-29,0.0001
2020-04-30,0.0004024166667
2020-05-01,0.00017495
2020-05-02,0.00010048
2020-05-03,0.0001499066667
2020-05-04,0.0001064166667
2020-05-05,0.0001
2020-05-06,0.0001866033333
2020-05-07,0.0001
2020-05-08,0.0003443333333
2020-05-09,0.0005862366667
2020-05-10,0.0002077533333
2020-05-11,0.0001
2020-05-12,0.0001
2020-05-13,0.0001
2020-05-14,0.0001
2020-05-15,8.133333333e-05
2020-05-16,0.0001
2020-05-17,4.338e-05
2020-05-18,4.453333333e-05
2020-05-19,9.297333333e-05
2020-05-20,0.0001
2020-05-21,2.594e-05
2020-05-22,-2.263333333e-06
2020-05-23,1.283333333e-05
2020-05-24,8.213666667e-05
2020-05-25,-5.76e-06
2020-05-26,4.854666667e-05
2020-05-27,-6.403333333e-06
2020-05-28,-6.471666667e-05
2020-05-29,1.297e-05
2020-05-30,0.0001
2020-05-31,0.0001
2020-06-01,2.675666667e-05
2020-06-02,0.0004093
2020-06-03,9.548666667e-05
2020-06-04,0.0001
2020-06-05,0.0001
2020-06-06,0.0001
2020-06-07,0.0001
2020-06-08,0.0001
2020-06-09,0.0001
2020-06-10,0.0001
2020-06-11,0.0001
2020-06-12,5.299333333e-05
2020-06-13,5.091666667e-05
2020-06-14,9.034e-05
2020-06-15,-4.120666667e-05
2020-06-16,1.595e-05
2020-06-17,2.318e-05
2020-06-18,-4.656666667e-05
2020-06-19,3.927666667e-05
2020-06-20,7.062e-05
2020-06-21,1.884333333e-05
2020-06-22,8.928e-05
2020-06-23,0.0001073833333
2020-06-24,0.0001042866667
2020-06-25,0.0001
2020-06-26,9.800333333e-05
2020-06-27,0.0001
2020-06-28,8.289e-05
2020-06-29,0.0001
2020-06-30,0.0001
2020-07-01,0.0001
2020-07-02,0.0001
2020-07-03,0.0001
2020-07-04,0.0001
2020-07-05,0.0001
2020-07-06,0.0001
2020-07-07,0.0001
2020-07-08,0.0001
2020-07-09,0.0001
2020-07-10,0.0001
2020-07-11,0.0001
2020-07-12,0.0001
2020-07-13,0.0001
2020-07-14,0.0001
2020-07-15,0.0001
2020-07-16,0.0001
2020-07-17,0.0001
2020-07-18,0.0001
2020-07-19,0.0001
2020-07-20,0.0001
2020-07-21,0.0001
2020-07-22,0.0001
2020-07-23,0.0001
2020-07-24,0.0001
2020-07-25,0.0001
2020-07-26,0.00028479
2020-07-27,0.0006200633333
2020-07-28,0.00119704
2020-07-29,0.0007122833333
2020-07-30,0.00067754
2020-07-31,0.0005323933333
2020-08-01,0.00035897
2020-08-02,0.0005424966667
2020-08-03,0.0003850333333
2020-08-04,0.00033459
2020-08-05,0.0001751833333
2020-08-06,0.0003788733333
2020-08-07,0.00025614
2020-08-08,0.0001
2020-08-09,0.0001521333333
2020-08-10,0.00057372
2020-08-11,0.0003197466667
2020-08-12,0.0001
2020-08-13,0.0001
2020-08-14,0.0002968966667
2020-08-15,0.0002285133333
2020-08-16,0.0003198033333
2020-08-17,0.00050636
2020-08-18,0.0009942233333
2020-08-19,0.0005208933333
2020-08-20,0.0001802
2020-08-21,0.0001
2020-08-22,0.0001
2020-08-23,0.0001
2020-08-24,0.0001
2020-08-25,0.0002086
2020-08-26,0.0001545133333
2020-08-27,0.0001
2020-08-28,0.0001
2020-08-29,0.0001
2020-08-30,0.0001
2020-08-31,0.0001182033333
2020-09-01,0.00026607
2020-09-02,0.00037669
2020-09-03,0.00020977
2020-09-04,0.0001
2020-09-05,0.0001
2020-09-06,0.0001
2020-09-07,0.0001
2020-09-08,0.0001
2020-09-09,0.0001
2020-09-10,0.0001
2020-09-11,0.0001
2020-09-12,0.0001
2020-09-13,0.0001
2020-09-14,6.956e-05
2020-09-15,-0.00010074
2020-09-16,-5.289e-05
2020-09-17,8.306666667e-06
2020-09-18,6.657e-05
2020-09-19,-9.426333333e-05
2020-09-20,-8.099666667e-05
2020-09-21,-3.192333333e-05
2020-09-22,0.0001
2020-09-23,-1.263e-05
2020-09-24,3.996666667e-05
2020-09-25,-3.559e-05
2020-09-26,0.0001
2020-09-27,0.0001
2020-09-28,0.0001
2020-09-29,0.0001
2020-09-30,0.0001
2020-10-01,9.137333333e-05
2020-10-02,2.695e-05
2020-10-03,9.916333333e-05
2020-10-04,7.13e-06
2020-10-05,-6.478666667e-05
2020-10-06,-5.006666667e-06
2020-10-07,4.02e-06
2020-10-08,4.932333333e-05
2020-10-09,8.709333333e-05
2020-10-10,0.0001
2020-10-11,0.0001
2020-10-12,0.0001
2020-10-13,0.0001
2020-10-14,0.0001
2020-10-15,0.0001
2020-10-16,0.0001
2020-10-17,0.0001
2020-10-18,0.0001
2020-10-19,0.0001
2020-10-20,7.914e-05
2020-10-21,6.592666667e-05
2020-10-22,0.0001
2020-10-23,0.0001
2020-10-24,0.0001
2020-10-25,0.0001
2020-10-26,0.0001
2020-10-27,8.467e-05
2020-10-28,7.908333333e-05
2020-10-29,-0.0001241566667
2020-10-30,-9.883333333e-05
2020-10-31,-0.00010785
2020-11-01,-5.175e-05
2020-11-02,4.441e-05
2020-11-03,-8.704e-05
2020-11-04,-0.0001141833333
2020-11-05,0.0001
2020-11-06,0.00022535
2020-11-07,0.0003291733333
2020-11-08,0.0001
2020-11-09,0.0001
2020-11-10,0.0001
2020-11-11,0.0001
2020-11-12,0.0001
2020-11-13,0.0001
2020-11-14,8.092333333e-05
2020-11-15,0.0001
2020-11-16,0.0001
2020-11-17,0.0001
2020-11-18,0.0003339866667
2020-11-19,0.00029074
2020-11-20,0.0003830466667
2020-11-21,0.0002647933333
2020-11-22,0.0007796166667
2020-11-23,0.0009524966667
2020-11-24,0.0006411433333
2020-11-25,0.0006586866667
2020-11-26,0.0002578
2020-11-27,0.0001025766667
2020-11-28,0.0001
2020-11-29,0.0001
2020-11-30,0.0001649366667
2020-12-01,0.0003358733333
2020-12-02,0.0001
2020-12-03,0.0001515166667
2020-12-04,0.00010901
2020-12-05,0.0001
2020-12-06,0.0001
2020-12-07,0.0001
2020-12-08,0.0001
2020-12-09,0.0001
2020-12-10,0.0001
2020-12-11,0.0001
2020-12-12,4.059666667e-05
2020-12-13,0.0001
2020-12-14,0.0001
2020-12-15,0.0001
2020-12-16,0.00022018
2020-12-17,0.0002865766667
2020-12-18,0.0004237066667
2020-12-19,0.0003952533333
2020-12-20,0.0005153666667
2020-12-21,0.0003192833333
2020-12-22,0.0001331866667
2020-12-23,0.00010508
2020-12-24,0.0001573866667
2020-12-25,0.0002114433333
2020-12-26,0.0001232166667
2020-12-27,0.0003885733333
2020-12-28,0.0005029133333
2020-12-29,0.00042179
2020-12-30,0.0006289833333
2020-12-31,0.00050127
2021-01-01,0.0002784866667
2021-01-02,0.0004854066667
2021-01-03,0.001312693333
2021-01-04,0.001522483333
2021-01-05,0.00066136
2021-01-06,0.001621513333
2021-01-07,0.001143003333
2021-01-08,0.001458176667
2021-01-09,0.0009227133333
2021-01-10,0.00106408
2021-01-11,0.0007382766667
2021-01-12,0.00046442
2021-01-13,0.0003596266667
2021-01-14,0.0007315366667
2021-01-15,0.00079432
2021-01-16,0.00037023
2021-01-17,0.0002446166667
2021-01-18,0.0006941533333
2021-01-19,0.001200756667
2021-01-20,0.0004087566667
2021-01-21,0.00039008
2021-01-22,0.0001
2021-01-23,0.0001072733333
2021-01-24,0.0002191866667
2021-01-25,0.00034889
2021-01-26,0.0001116866667
2021-01-27,0.0001
2021-01-28,0.0001408733333
2021-01-29,0.0008053066667
2021-01-30,0.00041612
2021-01-31,0.0004843166667
2021-02-01,0.00039447
2021-02-02,0.0006774866667
2021-02-03,0.0007779633333
2021-02-04,0.00055095
2021-02-05,0.0007687566667
2021-02-06,0.0006899333333
2021-02-07,0.001089576667
2021-02-08,0.00122049
2021-02-09,0.00159619
2021-02-10,0.001373533333
2021-02-11,0.001113073333
2021-02-12,0.001199783333
2021-02-13,0.001191846667
2021-02-14,0.001269073333
2021-02-15,0.0007553666667
2021-02-16,0.001216546667
2021-02-17,0.001148713333
2021-02-18,0.001374646667
2021-02-19,0.00101524
2021-02-20,0.001317726667
2021-02-21,0.001083996667
2021-02-22,0.00095565
2021-02-23,0.00022616
2021-02-24,0.0003302666667
2021-02-25,0.0002333533333
2021-02-26,0.0001
2021-02-27,0.0002825733333
2021-02-28,0.0001923533333
2021-03-01,0.00012307
2021-03-02,0.0001
2021-03-03,0.0002169266667
2021-03-04,0.0001
2021-03-05,0.0001
2021-03-06,0.0001
2021-03-07,0.0001253533333
2021-03-08,0.00014919
2021-03-09,0.0005714433333
2021-03-10,0.0004328166667
2021-03-11,0.0009355833333
2021-03-12,0.0007344933333
2021-03-13,0.0005517166667
2021-03-14,0.0009383
2021-03-15,0.0006766533333
2021-03-16,0.00033036
2021-03-17,0.00026392
2021-03-18,0.0003069033333
2021-03-19,0.00026051
2021-03-20,0.00047556
2021-03-21,0.0002791366667
2021-03-22,0.0004881933333
2021-03-23,0.0003102466667
2021-03-24,0.0003214766667
2021-03-25,0.0001060933333
2021-03-26,0.00012
2021-03-27,0.0001
2021-03-28,0.0001
2021-03-29,0.0001272366667
2021-03-30,0.00047595
2021-03-31,0.00070019
2021-04-01,0.0008548533333
2021-04-02,0.00093083
2021-04-03,0.0009080766667
2021-04-04,0.0004236866667
2021-04-05,0.0004003
2021-04-06,0.00079567
2021-04-07,0.00055006
2021-04-08,0.0003065066667
2021-04-09,0.0002256566667
2021-04-10,0.00093745
2021-04-11,0.0009738666667
2021-04-12,0.0009816466667
2021-04-13,0.0009889
2021-04-14,0.00101287
2021-04-15,0.0008958033333
2021-04-16,0.001150626667
2021-04-17,0.00065495
2021-04-18,0.00050024
2021-04-19,0.0001
2021-04-20,0.0001
2021-04-21,0.0001
2021-04-22,0.0001
2021-04-23,0.0002253933333
2021-04-24,0.00018144
2021-04-25,0.0002341933333
2021-04-26,0.0001
2021-04-27,0.0001
2021-04-28,0.0001
2021-04-29,0.0001
2021-04-30,0.0001
2021-05-01,0.0001790166667
2021-05-02,0.0003546233333
2021-05-03,0.00047936
2021-05-04,0.0004319033333
2021-05-05,0.0003296433333
2021-05-06,0.0007653633333
2021-05-07,0.0003836733333
2021-05-08,0.0005069166667
2021-05-09,0.00052217
2021-05-10,0.0007414733333
2021-05-11,0.0003868533333
2021-05-12,0.00030052
2021-05-13,0.0001483366667
2021-05-14,0.0003010933333
2021-05-15,0.0001342533333
2021-05-16,0.00031042
2021-05-17,0.0004442766667
2021-05-18,0.0003039166667
2021-05-19,-0.00014628
2021-05-20,0.0001
2021-05-21,5.515e-05
2021-05-22,-1.482666667e-05
2021-05-23,-4.58e-06
2021-05-24,-5.45e-05
2021-05-25,0.0001
2021-05-26,0.0001
2021-05-27,0.0001
2021-05-28,0.0001
2021-05-29,0.00010125
2021-05-30,0.0001
2021-05-31,0.0001
2021-06-01,0.0001
2021-06-02,0.0001
2021-06-03,0.0001
2021-06-04,0.00013522
2021-06-05,0.0001
2021-06-06,0.0001
2021-06-07,0.0001
2021-06-08,7.005e-05
2021-06-09,-3.413e-05
2021-06-10,-2.553333333e-06
2021-06-11,5.796e-05
2021-06-12,4.686666667e-06
2021-06-13,1.977666667e-05
2021-06-14,5.618666667e-05
2021-06-15,9.334e-05
2021-06-16,0.0001
2021-06-17,0.0001
2021-06-18,5.229e-05
2021-06-19,-2.390333333e-05
2021-06-20,5.21e-06
2021-06-21,-3.823666667e-05
2021-06-22,-4.953e-05
2021-06-23,-0.0001117366667
2021-06-24,-5.549333333e-05
2021-06-25,7.457333333e-05
2021-06-26,-0.00011507
2021-06-27,-0.00034195
2021-06-28,3.466e-05
2021-06-29,7.409666667e-05
2021-06-30,0.0001
2021-07-01,0.0001
2021-07-02,2.039e-05
2021-07-03,-4.962e-05
2021-07-04,-2.535666667e-05
2021-07-05,3.186666667e-05
2021-07-06,-6.678e-05
2021-07-07,2.212666667e-05
2021-07-08,-0.0001103366667
2021-07-09,-0.00015698
2021-07-10,2.612666667e-05
2021-07-11,4.804e-05
2021-07-12,7.438e-05
2021-07-13,6.684e-05
2021-07-14,-1.453333333e-06
2021-07-15,2.231e-05
2021-07-16,-1.450333333e-05
2021-07-17,2.674e-05
2021-07-18,5.188666667e-05
2021-07-19,-1.852333333e-05
2021-07-20,-0.0001573166667
2021-07-21,-0.0003144066667
2021-07-22,-4.508333333e-05
2021-07-23,-5.877e-05
2021-07-24,-0.0001040933333
2021-07-25,-0.0001753033333
2021-07-26,-0.0001161366667
2021-07-27,5.917333333e-05
2021-07-28,5.987666667e-05
2021-07-29,6.589666667e-05
2021-07-30,5.874333333e-05
2021-07-31,0.0001
2021-08-01,0.0001
2021-08-02,0.0001
2021-08-03,0.0001
2021-08-04,7.090666667e-05
2021-08-05,0.0001
2021-08-06,0.0001
2021-08-07,0.0001
2021-08-08,0.0001
2021-08-09,0.0001
2021-08-10,0.0001
2021-08-11,0.0001
2021-08-12,0.0001
2021-08-13,0.0001
2021-08-14,0.0001
2021-08-15,0.0001
2021-08-16,0.00011308
2021-08-17,0.0001
2021-08-18,0.0001
2021-08-19,0.0001
2021-08-20,0.0001192033333
2021-08-21,0.00015569
2021-08-22,0.0001160433333
2021-08-23,0.0002438766667
2021-08-24,0.0002688266667
2021-08-25,0.0001318933333
2021-08-26,0.00013955
2021-08-27,0.0001
2021-08-28,0.0002179233333
2021-08-29,0.0001
2021-08-30,0.0001418333333
2021-08-31,0.0002910366667
2021-09-01,0.0003528033333
2021-09-02,0.0004887166667
2021-09-03,0.00035202
2021-09-04,0.00024982
2021-09-05,0.0001
2021-09-06,0.0001559433333
2021-09-07,0.0001432566667
2021-09-08,0.0001
2021-09-09,0.0001
2021-09-10,0.0001037166667
2021-09-11,0.0001
2021-09-12,0.0001
2021-09-13,0.0001
2021-09-14,0.0001
2021-09-15,0.0001
2021-09-16,0.0001
2021-09-17,0.0001
2021-09-18,0.0001
2021-09-19,0.0001
2021-09-20,0.0001
2021-09-21,0.0001
2021-09-22,0.0001
2021-09-23,7.526333333e-05
2021-09-24,-4.138e-05
2021-09-25,8.543e-05
2021-09-26,3.590333333e-05
2021-09-27,0.0001
2021-09-28,5.207666667e-05
2021-09-29,4.622e-05
2021-09-30,9.745e-05
2021-10-01,3.169666667e-05
2021-10-02,4.911333333e-05
2021-10-03,0.0001
2021-10-04,0.0001
2021-10-05,2.578e-05
2021-10-06,0.0001
2021-10-07,0.0002394966667
2021-10-08,0.0002338366667
2021-10-09,0.0001190566667
2021-10-10,0.0001363533333
2021-10-11,0.0001
2021-10-12,0.0001
2021-10-13,0.0001
2021-10-14,0.00016693
2021-10-15,0.00018895
2021-10-16,0.0003975433333
2021-10-17,0.00038554
2021-10-18,0.0002354733333
2021-10-19,0.00011658
2021-10-20,0.0002774566667
2021-10-21,0.0006274466667
2021-10-22,0.00030406
2021-10-23,0.0001947566667
2021-10-24,0.0003347833333
2021-10-25,0.0002888866667
2021-10-26,0.0005254166667
2021-10-27,0.0002883366667
2021-10-28,0.0001311866667
2021-10-29,0.0002187
2021-10-30,0.00026212
2021-10-31,0.0003729233333
2021-11-01,0.0004026766667
2021-11-02,0.00032179
2021-11-03,0.00052478
2021-11-04,0.0004770166667
2021-11-05,0.0002603566667
2021-11-06,0.0004538933333
2021-11-07,0.0003031966667
2021-11-08,0.0004131633333
2021-11-09,0.00048591
2021-11-10,0.0005447533333
2021-11-11,0.00018341
2021-11-12,0.0003013933333
2021-11-13,0.0002300533333
2021-11-14,0.0001234033333
2021-11-15,0.0002595333333
2021-11-16,0.00018666
2021-11-17,0.0001105166667
2021-11-18,0.0001041166667
2021-11-19,0.0001
2021-11-20,0.0001
2021-11-21,0.0001
2021-11-22,0.0001
2021-11-23,0.0001096566667
2021-11-24,0.0001067
2021-11-25,0.00014404
2021-11-26,0.0001920133333
2021-11-27,0.0001027466667
2021-11-28,0.0001
2021-11-29,0.0001359133333
2021-11-30,0.0001593666667
2021-12-01,0.0001727833333
2021-12-02,0.0001198366667
2021-12-03,0.0001629466667
2021-12-04,6.392666667e-05
2021-12-05,9.091e-05
2021-12-06,0.0001
2021-12-07,7.992333333e-05
2021-12-08,0.0001
2021-12-09,0.0001
2021-12-10,0.0001
2021-12-11,0.0001
2021-12-12,0.0001
2021-12-13,0.0001
2021-12-14,6.115e-05
2021-12-15,0.0001
2021-12-16,0.0001
2021-12-17,8.226e-05
2021-12-18,8.914e-05
2021-12-19,9.026666667e-05
2021-12-20,0.0001
2021-12-21,9.728e-05
2021-12-22,0.0001
2021-12-23,7.912666667e-05
2021-12-24,0.0001
2021-12-25,0.0001
2021-12-26,0.0001
2021-12-27,0.0001
2021-12-28,0.0001
2021-12-29,0.0001
2021-12-30,0.0001
2021-12-31,5.632666667e-05
2022-01-01,0.0001
2022-01-02,0.0001
2022-01-03,0.0001
2022-01-04,0.0001
2022-01-05,0.0001
2022-01-06,0.0001
2022-01-07,0.0001
2022-01-08,0.0001
2022-01-09,0.0001
2022-01-10,8.174e-05
2022-01-11,9.131333333e-05
2022-01-12,-1.63e-06
2022-01-13,-1.195666667e-05
2022-01-14,-5.077666667e-05
2022-01-15,4.981e-05
2022-01-16,3.453333333e-05
2022-01-17,6.132666667e-05
2022-01-18,9.999333333e-05
2022-01-19,8.324333333e-05
2022-01-20,0.0001
2022-01-21,7.583e-05
2022-01-22,4.357e-05
2022-01-23,2.390333333e-05
2022-01-24,4.698e-05
2022-01-25,2.706e-05
2022-01-26,-1.786333333e-05
2022-01-27,-7.536333333e-05
2022-01-28,3.184e-05
2022-01-29,3.723333333e-06
2022-01-30,8.392e-05
2022-01-31,-1.363333333e-05
2022-02-01,-1.381e-05
2022-02-02,3.216e-05
2022-02-03,-2.693666667e-05
2022-02-04,9.636666667e-06
2022-02-05,9.152333333e-05
2022-02-06,0.0001
2022-02-07,-9.586666667e-06
2022-02-08,0.0001
2022-02-09,6.387333333e-05
2022-02-10,6.067e-05
2022-02-11,-2.995333333e-05
2022-02-12,0.0001
2022-02-13,7.599333333e-05
2022-02-14,6.343e-05
2022-02-15,2.567333333e-05
2022-02-16,0.0001
2022-02-17,0.0001
2022-02-18,-1.432333333e-05
2022-02-19,6.223666667e-05
2022-02-20,6.956666667e-06
2022-02-21,-4.903333333e-06
2022-02-22,-1.988333333e-05
2022-02-23,-6.186e-05
2022-02-24,-6.26e-05
2022-02-25,5.739333333e-05
2022-02-26,8.982e-05
2022-02-27,2.249666667e-05
2022-02-28,-0.0001184633333
2022-03-01,8.123e-05
2022-03-02,6.497666667e-05
2022-03-03,0.0001
2022-03-04,0.0001
2022-03-05,7.218666667e-05
2022-03-06,1.704e-05
2022-03-07,-3.947333333e-05
2022-03-08,7.792666667e-05
2022-03-09,8.925333333e-05
2022-03-10,3.120333333e-05
2022-03-11,-4.424e-05
2022-03-12,-2.346666667e-06
2022-03-13,-3.661e-05
2022-03-14,-4e-05
2022-03-15,6.421e-05
2022-03-16,8.623666667e-05
2022-03-17,0.0001
2022-03-18,7.220666667e-05
2022-03-19,0.0001
2022-03-20,0.0001
2022-03-21,2.984333333e-05
2022-03-22,0.0001
2022-03-23,9.004666667e-05
2022-03-24,5.19e-06
2022-03-25,5.143e-05
2022-03-26,4.209333333e-05
2022-03-27,1.017666667e-05
2022-03-28,0.0001
2022-03-29,9.864666667e-05
2022-03-30,0.0001
2022-03-31,0.0001
2022-04-01,8.939666667e-05
2022-04-02,0.0001
2022-04-03,0.0001
2022-04-04,0.0001
2022-04-05,0.0001
2022-04-06,9.966e-05
2022-04-07,7.473666667e-05
2022-04-08,8.102e-05
2022-04-09,9.759666667e-05
2022-04-10,6.317333333e-05
2022-04-11,6.747666667e-05
2022-04-12,-7.936e-05
2022-04-13,-8.08e-06
2022-04-14,4.324666667e-05
2022-04-15,-4.113666667e-05
2022-04-16,4.532333333e-05
2022-04-17,6.852666667e-05
2022-04-18,-8.621333333e-05
2022-04-19,3.741e-05
2022-04-20,7.569e-05
2022-04-21,9.7e-07
2022-04-22,-4.791e-05
2022-04-23,-9.489333333e-05
2022-04-24,-0.00012401
2022-04-25,-3.176333333e-05
2022-04-26,0.0001
2022-04-27,-7.235333333e-05
2022-04-28,-4.2e-06
2022-04-29,7.542666667e-05
2022-04-30,3.636666667e-06
2022-05-01,4.166e-05
2022-05-02,9.666666667e-05
2022-05-03,0.0001
2022-05-04,7.501333333e-05
2022-05-05,0.0001
2022-05-06,-4.999e-05
2022-05-07,4.793333333e-06
2022-05-08,5.780333333e-05
2022-05-09,0.0001
2022-05-10,0.0001
2022-05-11,3.669e-05
2022-05-12,-0.0002514866667
2022-05-13,-5.623333333e-06
2022-05-14,0.0001
2022-05-15,9.114333333e-05
2022-05-16,7.941e-05
2022-05-17,4.665e-05
2022-05-18,-3.272e-05
2022-05-19,4.249333333e-05
2022-05-20,0.0001
2022-05-21,6.7e-07
2022-05-22,3.115666667e-05
2022-05-23,0.0001
2022-05-24,-3.385333333e-05
2022-05-25,7.893e-05
2022-05-26,6.079e-05
2022-05-27,0.0001
2022-05-28,9.570666667e-05
2022-05-29,0.0001
2022-05-30,0.0001
2022-05-31,0.0001
2022-06-01,0.0001
2022-06-02,9.733333333e-06
2022-06-03,7.01e-06
2022-06-04,3.523666667e-05
2022-06-05,3.979666667e-05
2022-06-06,8.564e-05
2022-06-07,-1.313e-05
2022-06-08,0.0001
2022-06-09,9.702e-05
2022-06-10,7.597333333e-05
2022-06-11,2.915666667e-05
2022-06-12,3.667333333e-05
2022-06-13,6.18e-06
2022-06-14,-3.711666667e-05
2022-06-15,-3.327666667e-05
2022-06-16,-1.638666667e-05
2022-06-17,-2.205333333e-05
2022-06-18,5.719333333e-05
2022-06-19,2.307666667e-05
2022-06-20,2.137666667e-05
2022-06-21,5.665e-05
2022-06-22,-1.481333333e-05
2022-06-23,-1.701666667e-05
2022-06-24,8.668666667e-05
2022-06-25,7.540333333e-05
2022-06-26,6.889666667e-05
2022-06-27,5.818333333e-05
2022-06-28,-1.921333333e-05
2022-06-29,5.947333333e-05
2022-06-30,-6.904666667e-05
2022-07-01,-4.580333333e-05
2022-07-02,1.475e-05
2022-07-03,5.2e-05
2022-07-04,4.89e-05
2022-07-05,5.137e-05
2022-07-06,9.457666667e-05
2022-07-07,8.424666667e-05
2022-07-08,6.737333333e-05
2022-07-09,8.714333333e-05
2022-07-10,9.987333333e-05
2022-07-11,6.759666667e-05
2022-07-12,5.701e-05
2022-07-13,-6.016666667e-06
2022-07-14,4.502666667e-05
2022-07-15,4.086333333e-05
2022-07-16,4.950333333e-05
2022-07-17,8.915666667e-05
2022-07-18,0.0001
2022-07-19,0.0001
2022-07-20,9.372666667e-05
2022-07-21,0.0001
2022-07-22,8.390666667e-05
2022-07-23,6.688e-05
2022-07-24,7.354333333e-05
2022-07-25,4.519e-05
2022-07-26,7.437666667e-05
2022-07-27,4.209e-05
2022-07-28,9.743e-05
2022-07-29,0.0001
2022-07-30,0.0001
2022-07-31,8.760333333e-05
2022-08-01,8.816333333e-05
2022-08-02,8.539333333e-05
2022-08-03,2.5e-06
2022-08-04,1.007666667e-05
2022-08-05,3.527e-05
2022-08-06,8.492333333e-05
2022-08-07,3.888e-05
2022-08-08,7.596666667e-05
2022-08-09,9.306666667e-05
2022-08-10,2.902333333e-05
2022-08-11,7.372333333e-05
2022-08-12,2.350666667e-05
2022-08-13,2.35e-05
2022-08-14,1.100666667e-05
2022-08-15,-1.342666667e-05
2022-08-16,2.089666667e-05
2022-08-17,3.364e-05
2022-08-18,8.520666667e-05
2022-08-19,1.787333333e-05
2022-08-20,-3.406333333e-05
2022-08-21,-2.926666667e-05
2022-08-22,-2.428666667e-05
2022-08-23,-2.176666667e-05
2022-08-24,-1.794e-05
2022-08-25,2.052e-05
2022-08-26,1.366333333e-05
2022-08-27,-4.498e-05
2022-08-28,-4.199e-05
2022-08-29,-9.957333333e-05
2022-08-30,-2.712e-05
2022-08-31,2.88e-05
2022-09-01,5.095333333e-05
2022-09-02,3.948666667e-05
2022-09-03,3.452666667e-05
2022-09-04,2.723333333e-05
2022-09-05,4.089e-05
2022-09-06,1.190333333e-05
2022-09-07,-3.117333333e-05
2022-09-08,3.204666667e-05
2022-09-09,7.104e-05
2022-09-10,9.921333333e-05
2022-09-11,7.942333333e-05
2022-09-12,9.415333333e-05
2022-09-13,9.988333333e-05
2022-09-14,-7.406666667e-06
2022-09-15,3.712333333e-05
2022-09-16,5.107666667e-05
2022-09-17,2.942333333e-05
2022-09-18,5.937333333e-05
2022-09-19,-1.702666667e-05
2022-09-20,5.129666667e-05
2022-09-21,3.131666667e-05
2022-09-22,-3.649e-05
2022-09-23,1.737333333e-05
2022-09-24,3.322666667e-05
2022-09-25,2.415e-05
2022-09-26,2.511e-05
2022-09-27,6.927333333e-05
2022-09-28,1.800666667e-05
2022-09-29,6.669e-05
2022-09-30,0.0001
2022-10-01,6.734333333e-05
2022-10-02,5.154e-05
2022-10-03,7.437333333e-05
2022-10-04,0.0001
2022-10-05,0.0001
2022-10-06,0.0001
2022-10-07,9.171e-05
2022-10-08,5.114666667e-05
2022-10-09,2.324333333e-05
2022-10-10,7.436666667e-05
2022-10-11,0.0001
2022-10-12,0.0001
2022-10-13,7.134e-05
2022-10-14,7.21e-05
2022-10-15,4.217333333e-05
2022-10-16,2.196666667e-05
2022-10-17,3.876333333e-05
2022-10-18,0.0001
2022-10-19,9.199333333e-05
2022-10-20,6.038666667e-05
2022-10-21,2.767e-05
2022-10-22,3.920666667e-05
2022-10-23,3.499e-05
2022-10-24,7.442666667e-05
2022-10-25,4.393333333e-05
2022-10-26,4.676666667e-05
2022-10-27,-2.956666667e-06
2022-10-28,-1.053333333e-06
2022-10-29,3.814666667e-05
2022-10-30,1.944e-05
2022-10-31,1.637333333e-05
2022-11-01,3.12e-06
2022-11-02,4.012e-05
2022-11-03,3.353333333e-05
2022-11-04,4.158666667e-05
2022-11-05,6.316666667e-05
2022-11-06,7.696333333e-05
2022-11-07,9.271e-05
2022-11-08,5.057666667e-05
2022-11-09,-0.00013185
2022-11-10,-0.00084986
2022-11-11,-0.0001084366667
2022-11-12,3.138333333e-05
2022-11-13,-1.402666667e-05
2022-11-14,-4.195333333e-05
2022-11-15,-8.771333333e-05
2022-11-16,-6.237333333e-05
2022-11-17,-4.127e-05
2022-11-18,1.723333333e-06
2022-11-19,4.094666667e-05
2022-11-20,5.98e-06
2022-11-21,2.994e-05
2022-11-22,8.096666667e-06
2022-11-23,6.338666667e-05
2022-11-24,4.568e-05
2022-11-25,1.282666667e-05
2022-11-26,1.642333333e-05
2022-11-27,5.936666667e-06
2022-11-28,9.533333333e-06
2022-11-29,2.848666667e-05
2022-11-30,5.651e-05
2022-12-01,2.009333333e-05
2022-12-02,2.425e-05
2022-12-03,6.141666667e-05
2022-12-04,5.730666667e-05
2022-12-05,1.463333333e-06
2022-12-06,2.876333333e-05
2022-12-07,2.351e-05
2022-12-08,1.167333333e-05
2022-12-09,2.794333333e-05
2022-12-10,-2.15e-06
2022-12-11,8.313333333e-06
2022-12-12,1.124666667e-05
2022-12-13,4.991333333e-05
2022-12-14,0.0001
2022-12-15,8.393333333e-05
2022-12-16,2.853666667e-05
2022-12-17,6.51e-05
2022-12-18,4.151666667e-05
2022-12-19,4.819e-05
2022-12-20,3e-05
2022-12-21,6.367333333e-05
2022-12-22,6.094333333e-05
2022-12-23,9.634333333e-05
2022-12-24,6.99e-05
2022-12-25,1.812e-05
2022-12-26,3.753333333e-06
2022-12-27,3.902666667e-05
2022-12-28,5.375666667e-05
2022-12-29,9.505666667e-05
2022-12-30,9.044e-05
2022-12-31,0.0001
2023-01-01,6.897e-05
2023-01-02,-1.058e-05
2023-01-03,7.433e-05
2023-01-04,4.936e-05
2023-01-05,5.705666667e-05
2023-01-06,6.945333333e-05
2023-01-07,4.393e-05
2023-01-08,7.703e-05
2023-01-09,2.011666667e-05
2023-01-10,5.077e-05
2023-01-11,1.675666667e-05
2023-01-12,9.183e-05
2023-01-13,9.053333333e-05
2023-01-14,0.00021531
2023-01-15,0.00015346
2023-01-16,0.0001
2023-01-17,0.0001
2023-01-18,0.0001
2023-01-19,0.0001
2023-01-20,0.0001
2023-01-21,0.0001
2023-01-22,0.0001
2023-01-23,0.0001
2023-01-24,0.0001
2023-01-25,0.0001
2023-01-26,0.0001
2023-01-27,9.847e-05
2023-01-28,0.0001
2023-01-29,0.0001
2023-01-30,0.0001
2023-01-31,0.0001
2023-02-01,0.0001
2023-02-02,0.0001
2023-02-03,0.0001
2023-02-04,0.0001
2023-02-05,0.0001
2023-02-06,0.0001
2023-02-07,0.0001
2023-02-08,0.0001
2023-02-09,0.0001
2023-02-10,0.0001
2023-02-11,6.165666667e-05
2023-02-12,5.871e-05
2023-02-13,6.132333333e-05
2023-02-14,9.629e-05
2023-02-15,4.692666667e-05
2023-02-16,0.0001439033333
2023-02-17,0.0001
2023-02-18,0.0001
2023-02-19,0.0001
2023-02-20,0.0001
2023-02-21,0.0001
2023-02-22,0.0001
2023-02-23,5.712333333e-05
2023-02-24,5.122333333e-05
2023-02-25,5.816666667e-06
2023-02-26,5.571e-05
2023-02-27,5.388666667e-05
2023-02-28,3.783e-05
2023-03-01,6.728333333e-05
2023-03-02,8.57e-05
2023-03-03,1.857e-05
2023-03-04,2.148666667e-05
2023-03-05,2.041333333e-05
2023-03-06,4.976e-05
2023-03-07,2.726333333e-05
2023-03-08,5.577666667e-05
2023-03-09,0.0001
2023-03-10,-3.338666667e-05
2023-03-11,-7.576666667e-06
2023-03-12,1.798666667e-05
2023-03-13,8.670333333e-05
2023-03-14,0.0001828433333
2023-03-15,0.00018751
2023-03-16,0.0001
2023-03-17,7.770333333e-05
2023-03-18,0.0001
2023-03-19,0.0001
2023-03-20,9.693666667e-05
2023-03-21,3.221333333e-05
2023-03-22,1.869333333e-05
2023-03-23,3.052666667e-05
2023-03-24,0.0001
2023-03-25,1.356666667e-06
2023-03-26,1.23e-06
2023-03-27,1.639333333e-05
2023-03-28,2.408666667e-05
2023-03-29,7.724333333e-05
2023-03-30,4.582666667e-05
2023-03-31,4.548666667e-05
2023-04-01,9.613333333e-05
2023-04-02,5.311333333e-05
2023-04-03,2.069e-05
2023-04-04,-2.880666667e-05
2023-04-05,5.514e-05
2023-04-06,6.883333333e-06
2023-04-07,1.953333333e-06
2023-04-08,1.308666667e-05
2023-04-09,-2.69e-06
2023-04-10,8.722333333e-05
2023-04-11,0.0001
2023-04-12,6.508e-05
2023-04-13,7.030666667e-05
2023-04-14,4.435666667e-05
2023-04-15,4.493333333e-05
2023-04-16,9.048e-05
2023-04-17,9.125333333e-05
2023-04-18,3.648333333e-05
2023-04-19,5.383333333e-05
2023-04-20,6.048333333e-05
2023-04-21,8.765666667e-05
2023-04-22,6.316e-05
2023-04-23,2.504333333e-05
2023-04-24,3.667666667e-05
2023-04-25,6.737666667e-05
2023-04-26,5.344e-05
2023-04-27,3.850666667e-05
2023-04-28,8.158666667e-05
2023-04-29,4.871333333e-05
2023-04-30,4.237e-05
2023-05-01,-1.123e-05
2023-05-02,2.769e-05
2023-05-03,6.568e-05
2023-05-04,8.102e-05
2023-05-05,7.396e-05
2023-05-06,0.0001
2023-05-07,4.804666667e-05
2023-05-08,1.676333333e-05
2023-05-09,4.109666667e-05
2023-05-10,4.109666667e-05
2023-05-11,4.576333333e-05
2023-05-12,3.453e-05
2023-05-13,3.289666667e-05
2023-05-14,2.763666667e-05
2023-05-15,8.803333333e-06
2023-05-16,5.875e-05
2023-05-17,6.627333333e-05
2023-05-18,9.447333333e-05
2023-05-19,3.668333333e-05
2023-05-20,2.306333333e-05
2023-05-21,5.703e-05
2023-05-22,2.666333333e-05
2023-05-23,0.0001
2023-05-24,5.476333333e-05
2023-05-25,8.606666667e-05
2023-05-26,8.178666667e-05
2023-05-27,7.690666667e-05
2023-05-28,9.96e-05
2023-05-29,0.0001
2023-05-30,6.361333333e-05
2023-05-31,5.024333333e-05
2023-06-01,7.245666667e-05
2023-06-02,7.994e-05
2023-06-03,7.662e-05
2023-06-04,8.283333333e-05
2023-06-05,9.131333333e-05
2023-06-06,-1.972e-05
2023-06-07,8.001666667e-05
2023-06-08,4.201666667e-05
2023-06-09,6.302666667e-05
2023-06-10,4.991e-05
2023-06-11,4.524e-05
2023-06-12,5.116333333e-05
2023-06-13,7.561e-05
2023-06-14,2.938333333e-05
2023-06-15,3.205e-05
2023-06-16,1.662666667e-05
2023-06-17,9.137e-05
2023-06-18,6.214666667e-05
2023-06-19,5.709e-05
2023-06-20,4.35e-06
2023-06-21,6.282e-05
2023-06-22,9.745333333e-05
2023-06-23,0.0001
2023-06-24,0.0001
2023-06-25,0.0001
2023-06-26,0.0001
2023-06-27,0.0001
2023-06-28,7.966666667e-05
2023-06-29,8.624666667e-05
2023-06-30,0.0001
2023-07-01,0.0001
2023-07-02,0.0001
2023-07-03,0.0001
2023-07-04,0.0001
2023-07-05,0.0001
2023-07-06,6.404e-05
2023-07-07,1.420333333e-05
2023-07-08,2.691333333e-05
2023-07-09,6.227e-05
2023-07-10,1.887666667e-05
2023-07-11,6.743e-05
2023-07-12,6.056666667e-05
2023-07-13,1.838e-05
2023-07-14,0.0001
2023-07-15,-4.406666667e-06
2023-07-16,4.782666667e-05
2023-07-17,5.108e-05
2023-07-18,6.086e-05
2023-07-19,7.638e-05
2023-07-20,5.952e-05
2023-07-21,2.457e-05
2023-07-22,1.105333333e-05
2023-07-23,7.426666667e-05
2023-07-24,8.112666667e-05
2023-07-25,8.026666667e-05
2023-07-26,8.406333333e-05
2023-07-27,3.280666667e-05
2023-07-28,7.016e-05
2023-07-29,7.365666667e-05
2023-07-30,6.022666667e-05
2023-07-31,5.99e-05
2023-08-01,7.689333333e-05
2023-08-02,0.0001
2023-08-03,0.0001
2023-08-04,9.372e-05
2023-08-05,8.060333333e-05
2023-08-06,0.0001
2023-08-07,9.223e-05
2023-08-08,8.36e-05
2023-08-09,8.838e-05
2023-08-10,9.425666667e-05
2023-08-11,9.041e-05
2023-08-12,9.768333333e-05
2023-08-13,8.212333333e-05
2023-08-14,0.0001
2023-08-15,0.0001
2023-08-16,0.0001
2023-08-17,0.0001
2023-08-18,5.04e-05
2023-08-19,-1.960666667e-05
2023-08-20,-2.542e-05
2023-08-21,-1.2e-05
2023-08-22,2.706666667e-06
2023-08-23,9.886666667e-06
2023-08-24,1.528e-05
2023-08-25,2.453666667e-05
2023-08-26,3.75e-05
2023-08-27,1.769e-05
2023-08-28,2.851e-05
2023-08-29,-2.113666667e-05
2023-08-30,4.847666667e-05
2023-08-31,5.957666667e-05
2023-09-01,4.935e-05
2023-09-02,1.639e-05
2023-09-03,2.654666667e-05
2023-09-04,1.033333333e-05
2023-09-05,1.798e-05
2023-09-06,3.696666667e-06
2023-09-07,4.879e-05
2023-09-08,-9.013333333e-06
2023-09-09,-1.337e-05
2023-09-10,1.943333333e-05
2023-09-11,1.120333333e-05
2023-09-12,1.551e-05
2023-09-13,2.233666667e-05
2023-09-14,-2.863333333e-06
2023-09-15,1.386333333e-05
2023-09-16,-2.954e-05
2023-09-17,8.96e-06
2023-09-18,-2.234333333e-05
2023-09-19,-4.2e-06
2023-09-20,-2.460666667e-05
2023-09-21,3.901e-05
2023-09-22,1.036e-05
2023-09-23,2.813666667e-05
2023-09-24,2.072e-05
2023-09-25,4.032333333e-05
2023-09-26,1.67e-06
2023-09-27,5.132e-05
2023-09-28,-1.879666667e-05
2023-09-29,-1.995e-05
2023-09-30,1.344e-05
2023-10-01,-8.623333333e-06
2023-10-02,1.694e-05
2023-10-03,2.779666667e-05
2023-10-04,3.124666667e-05
2023-10-05,-3.459e-05
2023-10-06,-9.396666667e-06
2023-10-07,2.352e-05
2023-10-08,2.150333333e-05
2023-10-09,5.115e-05
2023-10-10,4.263666667e-05
2023-10-11,6.855666667e-05
2023-10-12,6.655e-05
2023-10-13,2.219666667e-05
2023-10-14,1.590666667e-05
2023-10-15,1.669e-05
2023-10-16,3.394333333e-05
2023-10-17,-2.046666667e-06
2023-10-18,-9.716666667e-06
2023-10-19,-4.219333333e-05
2023-10-20,-1.549e-05
2023-10-21,2.872e-05
2023-10-22,2.753666667e-05
2023-10-23,6.162666667e-05
2023-10-24,0.0001
2023-10-25,0.0001
2023-10-26,0.0001
2023-10-27,0.0001
2023-10-28,0.0001
2023-10-29,0.0001
2023-10-30,0.0001
2023-10-31,0.0001
2023-11-01,0.0001
2023-11-02,0.0001
2023-11-03,0.0001
2023-11-04,0.0001
2023-11-05,0.0001
2023-11-06,0.0001
2023-11-07,0.0001
2023-11-08,0.0001
2023-11-09,0.0001334233333
2023-11-10,0.0001056066667
2023-11-11,0.0001375166667
2023-11-12,0.00022046
2023-11-13,0.00021284
2023-11-14,0.00016076
2023-11-15,0.0001
2023-11-16,0.0001240433333
2023-11-17,0.0001
2023-11-18,0.0001
2023-11-19,0.0001
2023-11-20,0.0001
2023-11-21,0.0001
2023-11-22,0.0001
2023-11-23,0.0001
2023-11-24,0.0001
2023-11-25,0.0001
2023-11-26,0.0001
2023-11-27,0.0001
2023-11-28,0.0001
2023-11-29,0.0001
2023-11-30,0.0001
2023-12-01,0.0001
2023-12-02,8.488e-05
2023-12-03,0.0001
2023-12-04,0.0001
2023-12-05,0.0001
2023-12-06,0.0001
2023-12-07,0.0001
2023-12-08,0.0001784333333
2023-12-09,0.0001961833333
2023-12-10,0.0002167666667
2023-12-11,0.0001157666667
2023-12-12,0.0001
2023-12-13,0.0001155733333
2023-12-14,0.0001
2023-12-15,0.0001
2023-12-16,0.0001
2023-12-17,0.0001
2023-12-18,0.0001298866667
2023-12-19,0.0001
2023-12-20,0.0001471433333
2023-12-21,0.0002843566667
2023-12-22,0.0002614233333
2023-12-23,0.0001378366667
2023-12-24,0.0001683966667
2023-12-25,0.0001930266667
2023-12-26,0.0003223566667
2023-12-27,0.0003262233333
2023-12-28,0.00033684
2023-12-29,0.0005072133333
2023-12-30,0.0003815166667
2023-12-31,0.0003200833333
2024-01-01,0.00032741
2024-01-02,0.00051585
2024-01-03,0.00016094
2024-01-04,0.0001
2024-01-05,0.0001
2024-01-06,0.0001
2024-01-07,0.0001
2024-01-08,0.0001
2024-01-09,0.0001
2024-01-10,0.0001
2024-01-11,0.0001
2024-01-12,0.0001
2024-01-13,0.0001
2024-01-14,0.0001
2024-01-15,0.0001
2024-01-16,0.0001
2024-01-17,0.0001
2024-01-18,0.0001
2024-01-19,0.0001
2024-01-20,0.0001
2024-01-21,0.0001
2024-01-22,0.0001
2024-01-23,0.0001
2024-01-24,0.0001
2024-01-25,0.0001
2024-01-26,0.0001
2024-01-27,9.088666667e-05
2024-01-28,8.241666667e-05
2024-01-29,9.714e-05
2024-01-30,8.213666667e-05
2024-01-31,7.384666667e-05
2024-02-01,0.0001
2024-02-02,0.0001
2024-02-03,8.232333333e-05
2024-02-04,9.051e-05
2024-02-05,0.0001
2024-02-06,8.907666667e-05
2024-02-07,7.068666667e-05
2024-02-08,6.375e-05
2024-02-09,7.653666667e-05
2024-02-10,9.347e-05
2024-02-11,0.0001
2024-02-12,0.0001
2024-02-13,0.0001
2024-02-14,0.00010761
2024-02-15,0.0001
2024-02-16,0.0001
2024-02-17,0.0001201366667
2024-02-18,0.0001654666667
2024-02-19,0.0001866166667
2024-02-20,0.0001387733333
2024-02-21,0.00010414
2024-02-22,0.0001201233333
2024-02-23,0.00010997
2024-02-24,0.0001
2024-02-25,0.0001383733333
2024-02-26,0.00025185
2024-02-27,0.00042916
2024-02-28,0.0003464966667
2024-02-29,0.0006748633333
2024-03-01,0.0005471866667
2024-03-02,0.0004899866667
2024-03-03,0.00044618
2024-03-04,0.0005517466667
2024-03-05,0.00073359
2024-03-06,0.0003983666667
2024-03-07,0.0004183733333
2024-03-08,0.0004707633333
2024-03-09,0.0002560733333
2024-03-10,0.0004964666667
2024-03-11,0.0006010433333
2024-03-12,0.0004590166667
2024-03-13,0.00047682
2024-03-14,0.0003380133333
2024-03-15,0.0002271633333
2024-03-16,0.00018005
2024-03-17,0.00018563
2024-03-18,0.00025991
2024-03-19,0.0002666866667
2024-03-20,0.00014745
2024-03-21,0.0001640566667
2024-03-22,0.0001275466667
2024-03-23,0.0001026866667
2024-03-24,0.00013617
2024-03-25,0.0002356266667
2024-03-26,0.0002235833333
2024-03-27,0.0003397966667
2024-03-28,0.0002784133333
2024-03-29,0.0002462533333
2024-03-30,0.0002875033333
2024-03-31,0.0003751366667
2024-04-01,0.00043707
2024-04-02,0.0001246066667
2024-04-03,0.0001
2024-04-04,0.0001
2024-04-05,0.0001
2024-04-06,0.0001
2024-04-07,0.0001
2024-04-08,0.0001839633333
2024-04-09,0.00020193
2024-04-10,0.00011462
2024-04-11,0.00017965
2024-04-12,0.0001636733333
2024-04-13,0.0001
2024-04-14,0.0001
2024-04-15,7.253e-05
2024-04-16,6.330333333e-05
2024-04-17,5.494333333e-05
2024-04-18,3.195e-05
2024-04-19,3.133666667e-05
2024-04-20,4.479333333e-05
2024-04-21,3.121333333e-05
2024-04-22,2.601333333e-05
2024-04-23,9.736666667e-06
2024-04-24,4.587333333e-05
2024-04-25,4.076333333e-05
2024-04-26,2.652e-05
2024-04-27,6.768e-05
2024-04-28,5.69e-06
2024-04-29,4.948e-05
2024-04-30,9.631333333e-05
2024-05-01,9.616e-05
2024-05-02,4.226666667e-05
2024-05-03,9.26e-06
2024-05-04,5.474333333e-05
2024-05-05,3.815333333e-05
2024-05-06,2.439e-05
2024-05-07,5.557666667e-05
2024-05-08,6.578666667e-05
2024-05-09,5.405333333e-05
2024-05-10,4.871e-05
2024-05-11,5.906333333e-05
2024-05-12,5.144666667e-05
2024-05-13,9.206666667e-05
2024-05-14,8.086e-05
2024-05-15,3.996e-05
2024-05-16,3.598e-05
2024-05-17,1.721333333e-05
2024-05-18,2.616e-05
2024-05-19,4.442666667e-05
2024-05-20,3.546e-05
2024-05-21,0.0001017233333
2024-05-22,0.0001191966667
2024-05-23,0.0001
2024-05-24,0.0001
2024-05-25,0.0001
2024-05-26,0.0001
2024-05-27,0.0001
2024-05-28,0.0001
2024-05-29,0.0001085266667
2024-05-30,0.0001
2024-05-31,0.00012289
2024-06-01,0.0001008333333
2024-06-02,0.0001
2024-06-03,0.0001137833333
2024-06-04,0.0001066933333
2024-06-05,0.0001320433333
2024-06-06,0.00010736
2024-06-07,0.0001005533333
2024-06-08,0.0001
2024-06-09,0.0001
2024-06-10,0.0001
2024-06-11,0.0001
2024-06-12,0.0001
2024-06-13,0.0001
2024-06-14,0.0001
2024-06-15,0.0001
2024-06-16,0.0001
2024-06-17,0.0001
2024-06-18,9.412e-05
2024-06-19,5.698e-05
2024-06-20,5.588666667e-05
2024-06-21,6.890666667e-05
2024-06-22,8.048666667e-05
2024-06-23,5.661e-05
2024-06-24,9.007333333e-05
2024-06-25,7.049333333e-05
2024-06-26,0.0001
2024-06-27,0.0001
2024-06-28,0.0001
2024-06-29,0.0001
2024-06-30,0.0001
2024-07-01,0.0001
2024-07-02,0.0001
2024-07-03,0.0001
2024-07-04,0.0001
2024-07-05,7.254e-05
2024-07-06,5.497e-05
2024-07-07,9.388e-05
2024-07-08,8.709e-05
2024-07-09,6.953666667e-05
2024-07-10,8.236666667e-05
2024-07-11,0.0001
2024-07-12,4.480333333e-05
2024-07-13,8.394666667e-05
2024-07-14,6.929666667e-05
2024-07-15,2.426e-05
2024-07-16,2.156333333e-05
2024-07-17,1.663333333e-06
2024-07-18,1.787333333e-05
2024-07-19,4.496666667e-05
2024-07-20,1.63e-06
2024-07-21,-8.243333333e-06
2024-07-22,5.952666667e-05
2024-07-23,4.553666667e-05
2024-07-24,0.0001
2024-07-25,0.0001
2024-07-26,7.78e-05
2024-07-27,7.892666667e-05
2024-07-28,6.720333333e-05
2024-07-29,7.994666667e-05
2024-07-30,4.883e-05
2024-07-31,4.689e-05
2024-08-01,9.402666667e-05
2024-08-02,0.0001
2024-08-03,8.011666667e-05
2024-08-04,8.447666667e-05
2024-08-05,6.798666667e-05
2024-08-06,1.735333333e-05
2024-08-07,-1.449333333e-05
2024-08-08,2.29e-05
2024-08-09,4.008e-05
2024-08-10,-2.423333333e-05
2024-08-11,1.131666667e-05
2024-08-12,2.552666667e-05
2024-08-13,9.196666667e-06
2024-08-14,-2.663e-05
2024-08-15,-2.776666667e-05
2024-08-16,-6.393e-05
2024-08-17,1.979e-05
2024-08-18,-1.686666667e-06
2024-08-19,-4.107666667e-05
2024-08-20,3.733333333e-07
2024-08-21,-2.317e-05
2024-08-22,-2.717333333e-05
2024-08-23,-1.751666667e-05
2024-08-24,1.633333333e-05
2024-08-25,-1.076333333e-05
2024-08-26,3.225333333e-05
2024-08-27,4.099666667e-05
2024-08-28,-1.075666667e-05
2024-08-29,-6.87e-06
2024-08-30,2.480333333e-05
2024-08-31,1.876333333e-05
2024-09-01,9.966666667e-07
2024-09-02,-1.167e-05
2024-09-03,5.322e-05
2024-09-04,5.963333333e-06
2024-09-05,4.510333333e-05
2024-09-06,1.235666667e-05
2024-09-07,-5.142333333e-05
2024-09-08,-2.499666667e-05
2024-09-09,-6.189333333e-05
2024-09-10,-3.361333333e-05
2024-09-11,-5.470666667e-05
2024-09-12,-1.815666667e-05
2024-09-13,-1.127e-05
2024-09-14,-1.838e-05
2024-09-15,-2.933333333e-07
2024-09-16,4.242666667e-05
2024-09-17,5.255666667e-05
2024-09-18,2.556666667e-05
2024-09-19,3.511e-05
2024-09-20,4.368333333e-05
2024-09-21,7.624e-05
2024-09-22,7.025333333e-05
2024-09-23,4.404666667e-05
2024-09-24,1.679e-05
2024-09-25,1.233333333e-05
2024-09-26,5.965333333e-05
2024-09-27,6.332333333e-05
2024-09-28,5.056333333e-05
2024-09-29,3.702e-05
2024-09-30,7.005333333e-05
2024-10-01,0.0001
2024-10-02,7.744e-05
2024-10-03,4.372333333e-05
2024-10-04,3.153e-05
2024-10-05,1.176666667e-06
2024-10-06,2.68e-05
2024-10-07,1.932666667e-05
2024-10-08,4.505333333e-05
2024-10-09,7.692333333e-05
2024-10-10,4.540666667e-05
2024-10-11,1.59e-06
2024-10-12,3.577666667e-05
2024-10-13,2.089666667e-05
2024-10-14,8.476333333e-05
2024-10-15,0.0001
2024-10-16,8.941666667e-05
2024-10-17,0.0001
2024-10-18,0.0001
2024-10-19,0.0001
2024-10-20,0.0001
2024-10-21,0.0001
2024-10-22,0.0001
2024-10-23,0.0001
2024-10-24,0.0001
2024-10-25,0.0001
2024-10-26,7.441333333e-05
2024-10-27,9.908e-05
2024-10-28,9.457e-05
2024-10-29,0.0001
2024-10-30,0.0001
2024-10-31,0.0001
2024-11-01,0.0001
2024-11-02,0.0001
2024-11-03,0.0001
2024-11-04,0.0001
2024-11-05,0.0001
2024-11-06,0.0001
2024-11-07,0.0001
2024-11-08,0.0001
2024-11-09,0.0001
2024-11-10,0.00016572
2024-11-11,0.0001895933333
2024-11-12,0.0004387466667
2024-11-13,0.0001498566667
2024-11-14,0.0001
2024-11-15,0.0001032566667
2024-11-16,0.00011077
2024-11-17,0.00012114
2024-11-18,0.0002258933333
2024-11-19,0.0002326033333
2024-11-20,0.0001
2024-11-21,0.0001
2024-11-22,0.0001
2024-11-23,0.0001
2024-11-24,0.0001645866667
2024-11-25,0.00018756
2024-11-26,0.0002314566667
2024-11-27,0.0001933333333
2024-11-28,0.0001206166667
2024-11-29,0.0001809566667
2024-11-30,0.0001265733333
2024-12-01,0.0001516066667
2024-12-02,0.00021223
2024-12-03,0.0001655233333
2024-12-04,0.00025374
2024-12-05,0.0004904333333
2024-12-06,0.0001154466667
2024-12-07,0.0001947866667
2024-12-08,0.0001704566667
2024-12-09,0.0002085333333
2024-12-10,0.0001
2024-12-11,0.0001
2024-12-12,0.0001
2024-12-13,0.0001
2024-12-14,8.916666667e-05
2024-12-15,9.398e-05
2024-12-16,9.727e-05
2024-12-17,9.288666667e-05
2024-12-18,9.719666667e-05
2024-12-19,0.0001
2024-12-20,0.0001
2024-12-21,7.068666667e-05
2024-12-22,9.876333333e-05
2024-12-23,9.660333333e-05
2024-12-24,0.0001
2024-12-25,0.0001
2024-12-26,8.621666667e-05
2024-12-27,0.0001
2024-12-28,7.604e-05
2024-12-29,9.337666667e-05
2024-12-30,6.249666667e-05
2024-12-31,0.0001
2025-01-01,0.0001
2025-01-02,0.0001
2025-01-03,8.414e-05
2025-01-04,6.165666667e-05
2025-01-05,9.44e-05
2025-01-06,0.0001
2025-01-07,9.060666667e-05
2025-01-08,0.0001
2025-01-09,6.43e-05
2025-01-10,3.661333333e-05
2025-01-11,4.114333333e-05
2025-01-12,4.955333333e-05
2025-01-13,4.378666667e-05
2025-01-14,9.832e-05
2025-01-15,6.542666667e-05
2025-01-16,4.298e-05
2025-01-17,5.805e-05
2025-01-18,8.902333333e-05
2025-01-19,0.0001
2025-01-20,0.0001
2025-01-21,0.0001
2025-01-22,0.0001
2025-01-23,9.09e-05
2025-01-24,5.803666667e-05
2025-01-25,7.326333333e-05
2025-01-26,8.935333333e-05
2025-01-27,4.298e-05
2025-01-28,7.854e-05
2025-01-29,9.983e-05
2025-01-30,9.029666667e-05
2025-01-31,7.075e-05
2025-02-01,6.478333333e-05
2025-02-02,2.781e-05
2025-02-03,8.281666667e-05
2025-02-04,4.516666667e-05
2025-02-05,1.974333333e-05
2025-02-06,2.617e-05
2025-02-07,6.713e-05
2025-02-08,-8.796666667e-06
2025-02-09,5.437333333e-05
2025-02-10,6.145e-05
2025-02-11,2.954e-05
2025-02-12,3.719e-05
2025-02-13,4.974e-05
2025-02-14,5.567666667e-05
2025-02-15,2.362333333e-05
2025-02-16,2.457e-05
2025-02-17,4.881666667e-05
2025-02-18,9.829333333e-05
2025-02-19,7.915333333e-05
2025-02-20,4.345e-05
2025-02-21,7.706666667e-06
2025-02-22,6.261333333e-05
2025-02-23,2.91e-05
2025-02-24,1.987e-05
2025-02-25,5.543333333e-05
2025-02-26,6.508666667e-05
2025-02-27,6.040333333e-05
2025-02-28,6.197333333e-05
2025-03-01,-2.326666667e-05
2025-03-02,-2.248666667e-05
2025-03-03,1.816666667e-06
2025-03-04,-1.633333333e-06
2025-03-05,3.954333333e-05
2025-03-06,5.589666667e-05
2025-03-07,-4.1e-07
2025-03-08,2.303e-05
2025-03-09,3.479666667e-05
2025-03-10,3.111e-05
2025-03-11,5.570333333e-05
2025-03-12,3.468e-05
2025-03-13,1.896333333e-05
2025-03-14,3.691333333e-05
2025-03-15,-2.915e-05
2025-03-16,1.971666667e-05
2025-03-17,3.466e-05
2025-03-18,2.092e-05
2025-03-19,3.728333333e-05
2025-03-20,2.273333333e-05
2025-03-21,3.152333333e-05
2025-03-22,2.052666667e-05
2025-03-23,1.978333333e-05
2025-03-24,1.376333333e-05
2025-03-25,-9.576666667e-06
2025-03-26,-1.471e-05
2025-03-27,1.629333333e-05
2025-03-28,3.081666667e-05
2025-03-29,5.369333333e-05
2025-03-30,1.785333333e-05
2025-03-31,3.502666667e-05
2025-04-01,3.474333333e-05
2025-04-02,5.523333333e-06
2025-04-03,5.794666667e-05
2025-04-04,5.685666667e-05
2025-04-05,5.468e-05
2025-04-06,1.660333333e-05
2025-04-07,5.600333333e-05
2025-04-08,3.594333333e-05
2025-04-09,4.724e-05
2025-04-10,4.864666667e-05
2025-04-11,3.536666667e-06
2025-04-12,4.894e-05
2025-04-13,7.709333333e-05
2025-04-14,5.889333333e-05
2025-04-15,2.138666667e-05
2025-04-16,3.774333333e-05
2025-04-17,3.502666667e-05
2025-04-18,3.951333333e-05
2025-04-19,2.333666667e-05
2025-04-20,-1.211333333e-05
2025-04-21,4.062666667e-05
2025-04-22,-1.333333333e-07
2025-04-23,1.524e-05
2025-04-24,1.246666667e-06
2025-04-25,-4.913333333e-06
2025-04-26,-3.334666667e-05
2025-04-27,-8.603333333e-06
2025-04-28,-1.734e-05
2025-04-29,3.15e-06
2025-04-30,-2.013e-05
2025-05-01,4.153333333e-06
2025-05-02,-0.00010101
2025-05-03,-1.412666667e-05
2025-05-04,2.448e-05
2025-05-05,-3.383333333e-06
2025-05-06,2.391666667e-05
2025-05-07,8.376666667e-06
2025-05-08,4.218e-05
2025-05-09,8.126e-05
2025-05-10,7.971333333e-05
2025-05-11,8.05e-05
2025-05-12,5.585e-05
2025-05-13,8.034333333e-05
2025-05-14,6.879333333e-05
2025-05-15,3.251e-05
2025-05-16,5.602333333e-05
2025-05-17,2.252666667e-05
2025-05-18,7.548333333e-05
2025-05-19,4.713333333e-05
2025-05-20,5.583666667e-05
2025-05-21,7.011e-05
2025-05-22,0.0001
2025-05-23,8.398666667e-05
2025-05-24,5.317e-05
2025-05-25,6.186e-05
2025-05-26,9.037666667e-05
2025-05-27,5.797333333e-05
2025-05-28,3.597333333e-05
2025-05-29,4.792333333e-05
2025-05-30,4.621e-05
2025-05-31,6.915e-05
2025-06-01,1.956666667e-05
2025-06-02,3.139333333e-05
2025-06-03,5.175666667e-05
2025-06-04,1.187333333e-05
2025-06-05,2.700333333e-05
2025-06-06,-3.172e-05
2025-06-07,-1.918e-05
2025-06-08,2.273e-05
2025-06-09,1.639e-05
2025-06-10,8.179666667e-05
2025-06-11,7.402666667e-05
2025-06-12,3.433666667e-05
2025-06-13,5.953333333e-06
2025-06-14,2.317e-05
2025-06-15,1.722333333e-05
2025-06-16,2.933e-05
2025-06-17,3.278e-05
2025-06-18,2.878333333e-05
2025-06-19,1.285666667e-05
2025-06-20,4.609e-05
2025-06-21,4.45e-05
2025-06-22,5.676e-05
2025-06-23,3.396666667e-06
2025-06-24,9.7e-06
2025-06-25,1.783333333e-06
2025-06-26,1.542666667e-05
2025-06-27,2.111e-05
2025-06-28,3.108666667e-05
2025-06-29,5.536666667e-05
2025-06-30,2.988666667e-05
2025-07-01,2.165333333e-05
2025-07-02,3.113333333e-05
2025-07-03,4.487e-05
2025-07-04,4.012e-05
2025-07-05,2.708666667e-05
2025-07-06,1.544666667e-05
2025-07-07,3.356333333e-05
2025-07-08,3.079e-05
2025-07-09,3.580666667e-05
2025-07-10,6.810333333e-05
2025-07-11,0.0001
2025-07-12,0.0001
2025-07-13,0.0001
2025-07-14,9.350333333e-05
2025-07-15,0.0001
2025-07-16,0.0001
2025-07-17,0.0001
2025-07-18,0.0001
2025-07-19,0.0001
2025-07-20,0.0001
2025-07-21,0.0001
2025-07-22,0.0001
2025-07-23,0.0001
2025-07-24,0.0001
2025-07-25,0.0001
2025-07-26,0.0001
2025-07-27,0.0001
2025-07-28,0.0001
2025-07-29,0.0001
2025-07-30,0.0001
2025-07-31,8.564666667e-05
2025-08-01,1.940666667e-05
2025-08-02,3.380333333e-05
2025-08-03,5.89e-05
2025-08-04,4.606333333e-05
2025-08-05,6.824666667e-05
2025-08-06,7.578333333e-05
2025-08-07,6.230666667e-05
2025-08-08,4.035e-05
2025-08-09,7.691e-05
2025-08-10,9.949666667e-05
2025-08-11,0.0001
2025-08-12,8.843666667e-05
2025-08-13,9.041e-05
2025-08-14,0.0001
2025-08-15,4.550333333e-05
2025-08-16,8.713666667e-05
2025-08-17,4.916e-05
2025-08-18,2.486666667e-05
2025-08-19,5.522e-05
2025-08-20,3.614333333e-05
2025-08-21,5.438e-05
2025-08-22,7.721e-05
2025-08-23,9.903666667e-05
2025-08-24,0.0001
2025-08-25,9.448e-05
2025-08-26,6.140666667e-05
2025-08-27,3.600333333e-05
2025-08-28,7.500666667e-05
2025-08-29,3.587e-05
2025-08-30,7.848e-05
2025-08-31,4.505666667e-05
2025-09-01,6.541e-05
2025-09-02,7.369e-05
2025-09-03,2.746e-05
2025-09-04,4.711333333e-05
2025-09-05,8.468e-05
2025-09-06,4.022333333e-05
2025-09-07,4.183333333e-05
2025-09-08,7.799e-05
2025-09-09,7.933e-05
2025-09-10,6.943666667e-05
2025-09-11,4.484e-05
2025-09-12,5.598666667e-05
2025-09-13,1.278e-05
2025-09-14,5.359e-05
2025-09-15,7.551666667e-05
2025-09-16,4.82e-05
2025-09-17,7.238666667e-05
2025-09-18,6.025666667e-05
2025-09-19,2.380666667e-05
2025-09-20,9.08e-06
2025-09-21,3.276666667e-06
2025-09-22,4.415333333e-05
2025-09-23,7.207666667e-05
2025-09-24,5.649e-05
2025-09-25,3.69e-05
2025-09-26,5.073e-05
2025-09-27,3.745333333e-05
2025-09-28,4.517e-05
2025-09-29,1.216e-05
2025-09-30,3.61e-05
2025-10-01,5.604e-05
2025-10-02,9.109e-05
2025-10-03,9.975333333e-05
2025-10-04,9.437333333e-05
2025-10-05,9.404666667e-05
2025-10-06,7.737e-05
2025-10-07,8.267333333e-05
2025-10-08,5.979333333e-05
2025-10-09,2.716333333e-05
2025-10-10,1.892333333e-05
2025-10-11,6.822333333e-05
2025-10-12,-3.701666667e-05
2025-10-13,-1.242666667e-05
2025-10-14,-2.609e-05
2025-10-15,-4.09e-06
2025-10-16,-2.658333333e-05
2025-10-17,-4.033333333e-06
2025-10-18,-4.958666667e-05
2025-10-19,9.626666667e-06
2025-10-20,-9.6e-06
2025-10-21,-1.950333333e-05
2025-10-22,1.311666667e-05
2025-10-23,5.172333333e-05
2025-10-24,2.799333333e-05
2025-10-25,4.024666667e-05
2025-10-26,3.114e-05
2025-10-27,9.101333333e-05
2025-10-28,5.619e-05
2025-10-29,2.853e-05
2025-10-30,2.702666667e-05
2025-10-31,6.737666667e-05
2025-11-01,9.927333333e-05
2025-11-02,7.328333333e-05
2025-11-03,6.093333333e-05
2025-11-04,7.382333333e-05
2025-11-05,4.259666667e-05
2025-11-06,5.465e-05
2025-11-07,5.854333333e-05
2025-11-08,4.854333333e-05
2025-11-09,3.831666667e-05
2025-11-10,7.068e-05
2025-11-11,1.955333333e-05
2025-11-12,2.978333333e-05
2025-11-13,5.959e-05
2025-11-14,8.924333333e-05
2025-11-15,8.143333333e-05
2025-11-16,8.268333333e-05
2025-11-17,8.925333333e-05
2025-11-18,7.908333333e-05
2025-11-19,5.496e-05
2025-11-20,7.752666667e-05
2025-11-21,3.812666667e-05
2025-11-22,4.388333333e-05
2025-11-23,1.024e-05
2025-11-24,1.634666667e-05
2025-11-25,-2.104333333e-05
2025-11-26,3.002333333e-05
2025-11-27,1.477666667e-05
2025-11-28,2.025e-05
2025-11-29,8.103333333e-06
2025-11-30,4.506e-05
2025-12-01,2.745666667e-05
2025-12-02,1.877666667e-05
2025-12-03,5.296666667e-06
2025-12-04,3.656e-05
2025-12-05,3.390666667e-05
2025-12-06,1.263333333e-05
2025-12-07,3.69e-05
2025-12-08,3.133666667e-05
2025-12-09,4.224666667e-05
2025-12-10,2.659333333e-05
2025-12-11,2.371e-05
2025-12-12,4.998333333e-05
2025-12-13,4.060666667e-05
2025-12-14,5.557e-05
2025-12-15,7.926666667e-06
2025-12-16,4.302e-05
2025-12-17,7.041666667e-05
2025-12-18,4.572666667e-05
2025-12-19,8.497e-05
2025-12-20,6.135e-05
2025-12-21,7.510666667e-05
2025-12-22,5.189e-05
2025-12-23,3.219666667e-05
2025-12-24,8.127333333e-05
2025-12-25,7.409333333e-05
2025-12-26,6.601666667e-05
2025-12-27,3.482333333e-05
2025-12-28,5.794333333e-05
2025-12-29,8.275333333e-05
2025-12-30,7.652666667e-05
2025-12-31,2.708333333e-05
2026-01-01,7.237e-05
2026-01-02,4.88e-05
2026-01-03,3.701e-05
2026-01-04,6.579e-05
2026-01-05,7.282e-05
2026-01-06,1.377e-05
2026-01-07,6.489e-05
2026-01-08,8.376333333e-05
2026-01-09,1.554333333e-05
2026-01-10,6.511666667e-05
2026-01-11,5.027e-05
2026-01-12,3.121666667e-05
2026-01-13,5.176e-05
2026-01-14,2.234e-05
2026-01-15,9.693333333e-06
2026-01-16,5.724e-05
2026-01-17,1.935e-05
2026-01-18,6.563333333e-05
2026-01-19,2.636666667e-05
2026-01-20,7.365666667e-05
2026-01-21,6.155e-05
2026-01-22,6.961333333e-05
2026-01-23,5.149333333e-05
2026-01-24,4.780333333e-05
2026-01-25,4.768e-05
2026-01-26,4.173333333e-05
2026-01-27,5.932666667e-05
2026-01-28,5.413666667e-05
2026-01-29,5.696333333e-05
2026-01-30,2.167333333e-05
2026-01-31,6.608666667e-05
2026-02-01,6.253333333e-06
2026-02-02,-2.896e-05
2026-02-03,-1.41e-06
2026-02-04,2.762666667e-05
2026-02-05,1.504666667e-05
2026-02-06,-9.587666667e-05
2026-02-07,-8.803666667e-05
2026-02-08,-3.937666667e-05
2026-02-09,-1.837666667e-05
2026-02-10,-7.481e-05
2026-02-11,-2.728666667e-05
2026-02-12,1.3e-06
2026-02-13,1.758666667e-05
2026-02-14,4.57e-06
2026-02-15,4.083333333e-06
2026-02-16,-1.576666667e-05
2026-02-17,4.544e-05
2026-02-18,2.226e-05
2026-02-19,-1.46e-05
2026-02-20,1.998666667e-05
2026-02-21,3.392e-05
2026-02-22,1.914666667e-05
2026-02-23,-4e-07
2026-02-24,1.443666667e-05
2026-02-25,4.8e-06
2026-02-26,2.936666667e-06
2026-02-27,-3.256666667e-05
2026-02-28,-1.330333333e-05
2026-03-01,2.274333333e-05
2026-03-02,-1.112666667e-05
2026-03-03,9.106666667e-06
2026-03-04,6.043333333e-06
2026-03-05,2.902e-05
2026-03-06,-1.182666667e-05
2026-03-07,-2.433333333e-07
2026-03-08,-2.826333333e-05
2026-03-09,-4.593333333e-05
2026-03-10,1.913333333e-06
2026-03-11,-7.376e-05
2026-03-12,-6.858333333e-05
2026-03-13,2.786666667e-06
2026-03-14,-3.072666667e-05
2026-03-15,-1.895e-05
2026-03-16,3.889e-05
2026-03-17,-1.174666667e-05
2026-03-18,-2.988e-05
2026-03-19,-9.27e-06
2026-03-20,3.85e-06
2026-03-21,-3.793333333e-06
2026-03-22,-3.485333333e-05
2026-03-23,-1.594e-05
2026-03-24,3.653333333e-05
2026-03-25,2.701666667e-05
2026-03-26,5.746666667e-06
2026-03-27,-3.071333333e-05
2026-03-28,-5.288333333e-05
2026-03-29,-3.383333333e-06
2026-03-30,5.166666667e-06
2026-03-31,-1.522666667e-05
2026-04-01,-1.111e-05
2026-04-02,-1.010666667e-05
2026-04-03,-3.596666667e-06
2026-04-04,3.175666667e-05
2026-04-05,2.702666667e-05
2026-04-06,4.346666667e-05
2026-04-07,3.593666667e-05
2026-04-08,3.877e-05
2026-04-09,1.035333333e-05
2026-04-10,2.273333333e-06
2026-04-11,-6.687666667e-05
2026-04-12,-4.044333333e-05
2026-04-13,-1.942e-05
2026-04-14,-2.785333333e-05
2026-04-15,-7.183e-05
2026-04-16,-2.828e-05
2026-04-17,-1.570333333e-05
2026-04-18,-6.588666667e-05
2026-04-19,-9.296666667e-05
2026-04-20,-4.046e-05
2026-04-21,-6.001e-05
2026-04-22,1.913333333e-06
2026-04-23,-6.039666667e-05
2026-04-24,-4.948666667e-05
2026-04-25,-4.337e-05
2026-04-26,1.963333333e-06
2026-04-27,-4.696e-05
2026-04-28,-6.376666667e-06
2026-04-29,6.786666667e-06
2026-04-30,-2.987e-05
2026-05-01,-2.899666667e-05
2026-05-02,-2.821666667e-05
2026-05-03,5.316666667e-06
2026-05-04,3.286666667e-06
2026-05-05,-4.416333333e-05
2026-05-06,-6.353e-05
2026-05-07,-4.479333333e-05
2026-05-08,-2.177666667e-05
2026-05-09,5.646666667e-06
2026-05-10,3.493333333e-05
2026-05-11,4.315e-05
2026-05-12,3.194666667e-05
2026-05-13,4.184333333e-05
2026-05-14,3.65e-05
2026-05-15,-1.528e-05
2026-05-16,2.894333333e-05
2026-05-17,1.753666667e-05
2026-05-18,3.941666667e-05
2026-05-19,5.178666667e-05
2026-05-20,6.031666667e-05
2026-05-21,4.019333333e-05
2026-05-22,1.878333333e-05
2026-05-23,3.416333333e-05
2026-05-24,7.199666667e-05
2026-05-25,3.834e-05
2026-05-26,5.895333333e-05
2026-05-27,9.620666667e-05
2026-05-28,8.337e-05
2026-05-29,7.364333333e-05
2026-05-30,4.803333333e-05
2026-05-31,5.361e-05
2026-06-01,6.713666667e-05
2026-06-02,8.111666667e-05
2026-06-03,7.464666667e-05
2026-06-04,1.049e-05
2026-06-05,-3.263333333e-06
2026-06-06,3.1e-06
2026-06-07,1.07e-06
2026-06-08,2.369666667e-05
2026-06-09,6.94e-06
2026-06-10,-1.593333333e-06
2026-06-11,1.483333333e-05
2026-06-12,6.61e-06
2026-06-13,2.118333333e-05
2026-06-14,-4.144e-05
2026-06-15,-8.833333333e-06
2026-06-16,-4.306666667e-06
2026-06-17,-2.436666667e-05
2026-06-18,1.801333333e-05
2026-06-19,3.615333333e-05
2026-06-20,4.144e-05
2026-06-21,2.667e-05
2026-06-22,4.299666667e-05
2026-06-23,1.269e-05
2026-06-24,1.438333333e-05
2026-06-25,-5.486666667e-06
2026-06-26,6.17e-05
2026-06-27,4.427e-05
2026-06-28,3.347666667e-05
2026-06-29,6.404666667e-05
2026-06-30,5.950333333e-05
2026-07-01,4.819333333e-05
2026-07-02,6.166666667e-05
2026-07-03,7.913333333e-05
2026-07-04,9.826666667e-05
2026-07-05,9.004666667e-05
2026-07-06,7.94e-05
2026-07-07,7.539e-05
2026-07-08,4.247e-05
2026-07-09,5.895666667e-05
2026-07-10,8.604333333e-05
2026-07-11,5.032666667e-05
2026-07-12,6.181333333e-05
2026-07-13,5.459e-05
2026-07-14,5.778333333e-05
2026-07-15,8.152333333e-05
2026-07-16,5.370666667e-05
2026-07-17,5.068e-05
2026-07-18,4.451666667e-05
2026-07-19,4.182e-05
2026-07-20,5.562e-05
2026-07-21,5.406666667e-05
2026-07-22,3.606333333e-05
2026-07-23,2.795333333e-05
2026-07-24,6.208666667e-05
2026-07-25,4.076e-05
2026-07-26,5.193666667e-05
2026-07-27,5.879666667e-05
2026-07-28,3.674e-05
2026-07-29,7.888333333e-05
2026-07-30,8.256333333e-05
2026-07-31,8.356333333e-05
2026-08-01,3.610333333e-05
2026-08-02,7.06e-05
2026-08-03,6.279333333e-05
2026-08-04,5.671e-05
2026-08-05,1.788333333e-05
2026-08-06,5.055333333e-05
2026-08-07,3.893666667e-05
2026-08-08,5.591666667e-05
2026-08-09,6.048e-05
2026-08-10,6.820666667e-05
2026-08-11,4.181666667e-05
2026-08-12,8.389666667e-05
2026-08-13,7.211666667e-05
2026-08-14,5.057666667e-05
2026-08-15,6.211666667e-05
2026-08-16,2.601666667e-05
2026-08-17,6.717e-05
2026-08-18,4.611333333e-05
2026-08-19,5.144e-05
2026-08-20,9.692333333e-05
2026-08-21,6.926e-05
2026-08-22,0.0001
2026-08-23,0.0001
2026-08-24,0.0001
2026-08-25,8.606e-05
2026-08-26,6.917333333e-05
2026-08-27,6.975333333e-05
2026-08-28,7.497e-05
2026-08-29,0.0001
2026-08-30,8.447e-05
2026-08-31,7.445881005e-05
2026-09-01,5.285602021e-05
2026-09-02,7.950612939e-05
2026-09-03,4.747610124e-05
2026-09-04,4.155793205e-05
2026-09-05,-1.333135777e-05
2026-09-06,2.731391389e-05
2026-09-07,2.042480463e-05
2026-09-08,5.018304135e-05
2026-09-09,6.177747081e-05
2026-09-10,7.396353759e-05
2026-09-11,6.260891381e-05
2026-09-12,5.159898159e-05
2026-09-13,6.307096137e-05
2026-09-14,4.99390886e-05
2026-09-15,4.752534796e-05
2026-09-16,4.057837673e-05
2026-09-17,7.535189142e-05
2026-09-18,7.518050833e-05
2026-09-19,0.0001
2026-09-20,9.285955868e-05
2026-09-21,7.094303111e-05
2026-09-22,8.480330633e-05
2026-09-23,5.075608424e-05
2026-09-24,1.040607157e-05
2026-09-25,3.407515643e-05
2026-09-26,1.071599658e-05
2026-09-27,-1.254644727e-05
2026-09-28,3.642251108e-05
2026-09-29,3.760133164e-05
2026-09-30,5.682399283e-05
2026-10-01,4.553201628e-05
2026-10-02,4.015304293e-05
2026-10-03,2.122763613e-05
2026-10-04,2.791082362e-05
