date,oi_usd
2026-04-06,2941303691
2026-04-07,2837796247
2026-04-08,3158570936
2026-04-09,3206743026
2026-04-10,3170451508
2026-04-11,3222462846
2026-04-12,3090295505
2026-04-13,3132741555
2026-04-14,3481140858
2026-04-15,3355552725
2026-04-16,3306929103
2026-04-17,3635976475
2026-04-18,3415972072
2026-04-19,3386283922
2026-04-20,3319811082
2026-04-21,3403679511
2026-04-22,3763758012
2026-04-23,3621013187
2026-04-24,3454250464
2026-04-25,3299519783
2026-04-26,3323136752
2026-04-27,3338083109
2026-04-28,3260512889
2026-04-29,3120774489
2026-04-30,3174132199
2026-05-01,3368344719
2026-05-02,3323012236
2026-05-03,3336478200
2026-05-04,3313048664
2026-05-05,3710005696
2026-05-06,3582758785
2026-05-07,3445457295
2026-05-08,3461268612
2026-05-09,3505271815
2026-05-10,3532054275
2026-05-11,3511509080
2026-05-12,3493632546
2026-05-13,3512598491
2026-05-14,3504963010
2026-05-15,3382429911
2026-05-16,3422611241
2026-05-17,3420321935
2026-05-18,3468276282
2026-05-19,3367962902
2026-05-20,3328450728
2026-05-21,3327407389
2026-05-22,3371700120
2026-05-23,3404162635
2026-05-24,3217562158
2026-05-25,3248658126
2026-05-26,3189865859
2026-05-27,3409469392
2026-05-28,3486008116
2026-05-29,3322873496
2026-05-30,3273961175
2026-05-31,3277637200
2026-06-01,3364900454
2026-06-02,3442797339
2026-06-03,3258423229
2026-06-04,3012084692
2026-06-05,2626030432
2026-06-06,2583133880
2026-06-07,2596838643
2026-06-08,2555610097
2026-06-09,2584851523
2026-06-10,2633821064
2026-06-11,2707205874
2026-06-12,2656380991
2026-06-13,2731543472
2026-06-14,2759695917
2026-06-15,2884414446
2026-06-16,2732651455
2026-06-17,2698380938
2026-06-18,2581034726
2026-06-19,2665612166
2026-06-20,2651569875
2026-06-21,2668831407
2026-06-22,2634158005
2026-06-23,2697980406
2026-06-24,2703500355
2026-06-25,2700609723
2026-06-26,2485111326
2026-06-27,2514782581
2026-06-28,2507518849
2026-06-29,2548089123
2026-06-30,2723204146
2026-07-01,2556725461
2026-07-02,2535164535
2026-07-03,2588967623
2026-07-04,2510949323
2026-07-05,2507760597
2026-07-06,2528351581
2026-07-07,2563218021
2026-07-08,2526172785
2026-07-09,2492435841
2026-07-10,2568108026
2026-07-11,2590719245
2026-07-12,2581498974
2026-07-13,2605866899
2026-07-14,2590714195
2026-07-15,2622536215
2026-07-16,2588930568
2026-07-17,2592805384
2026-07-18,2575755225
2026-07-19,2656327880
2026-07-20,2700101525
2026-07-21,2830404861
2026-07-22,2666597339
2026-07-23,2633105607
2026-07-24,2670176742
2026-07-25,2685121805
2026-07-26,2608594715
2026-07-27,2547793373
2026-07-28,2627097967
2026-07-29,2540951743
2026-07-30,2586909207
2026-07-31,2604878766
2026-08-01,2573437872
2026-08-02,2573390040
2026-08-03,2568269011
2026-08-04,2565797659
2026-08-05,2565491757
2026-08-06,2603377751
2026-08-07,2636256792
2026-08-08,2656363917
2026-08-09,2715282978
2026-08-10,2681403739
2026-08-11,2669623036
2026-08-12,2669071774
2026-08-13,2628531161
2026-08-14,2871551876
2026-08-15,2747803042
2026-08-16,2748936404
2026-08-17,2667824170
2026-08-18,2758692693
2026-08-19,2849033701
2026-08-20,2881952351
2026-08-21,2996804850
2026-08-22,2970622957
2026-08-23,2967726195
2026-08-24,2978431288
2026-08-25,2972051343
2026-08-26,2946432137
2026-08-27,2950906168
2026-08-28,2890575518
2026-08-29,2896995884
2026-08-30,2893889840
2026-08-31,2839063201
2026-09-01,2854759630
2026-09-02,2957729996
2026-09-03,3059640952
2026-09-04,2885521901
2026-09-05,2846464654
2026-09-06,2825104204
2026-09-07,2876513742
2026-09-08,2930663949
2026-09-09,2830625947
2026-09-10,2936982957
2026-09-11,2831220777
2026-09-12,2821360494
2026-09-13,2882179124
2026-09-14,2874697096
2026-09-15,2911256908
2026-09-16,2843393862
2026-09-17,2916381895
2026-09-18,3150592640
2026-09-19,3224081996
2026-09-20,3167835978
2026-09-21,3393873877
2026-09-22,3403740241
2026-09-23,3341170604
2026-09-24,3174718412
2026-09-25,3156239053
2026-09-26,3124948174
2026-09-27,3106673945
2026-09-28,3151673370
2026-09-29,3091550722
2026-09-30,3055719864
2026-10-01,3157247190
2026-10-02,0
2026-10-03,0
