date,stable_supply_usd
2017-11-29,110105
2017-11-30,110105
2017-12-01,110105
2017-12-02,110105
2017-12-03,110105
2017-12-04,110105
2017-12-05,110105
2017-12-06,110105
2017-12-07,110105
2017-12-08,110105
2017-12-09,110105
2017-12-10,110105
2017-12-11,110105
2017-12-12,110105
2017-12-13,110105
2017-12-14,110105
2017-12-15,110105
2017-12-16,110105
2017-12-17,110105
2017-12-18,110105
2017-12-19,110105
2017-12-20,110105
2017-12-21,110105
2017-12-22,110105
2017-12-23,110105
2017-12-24,110105
2017-12-25,110105
2017-12-26,110105
2017-12-27,110105
2017-12-28,110105
2017-12-29,110105
2017-12-30,110105
2017-12-31,110105
2018-01-01,110105
2018-01-02,110105
2018-01-03,110105
2018-01-04,110105
2018-01-05,110105
2018-01-06,110105
2018-01-07,110105
2018-01-08,110105
2018-01-09,110105
2018-01-10,110105
2018-01-11,30146817
2018-01-12,30146817
2018-01-13,30146817
2018-01-14,30146817
2018-01-15,30146817
2018-01-16,30146817
2018-01-17,30146817
2018-01-18,30146817
2018-01-19,30146817
2018-01-20,30146817
2018-01-21,30146817
2018-01-22,30146817
2018-01-23,30146817
2018-01-24,30146817
2018-01-25,30146817
2018-01-26,30146817
2018-01-27,30146817
2018-01-28,30146817
2018-01-29,60183528
2018-01-30,60183528
2018-01-31,60183528
2018-02-01,60183528
2018-02-02,60183528
2018-02-03,60183528
2018-02-04,60183528
2018-02-05,60183528
2018-02-06,60183528
2018-02-07,60183528
2018-02-08,60183528
2018-02-09,60183528
2018-02-10,60183528
2018-02-11,60183528
2018-02-12,60183528
2018-02-13,60183528
2018-02-14,60183528
2018-02-15,60183528
2018-02-16,60183528
2018-02-17,60183528
2018-02-18,60183528
2018-02-19,60183528
2018-02-20,60183528
2018-02-21,60183528
2018-02-22,60183528
2018-02-23,60183528
2018-02-24,60183528
2018-02-25,60183528
2018-02-26,60183528
2018-02-27,60183528
2018-02-28,60183528
2018-03-01,60183528
2018-03-02,60183528
2018-03-03,60183528
2018-03-04,60183528
2018-03-05,60183528
2018-03-06,60183528
2018-03-07,60183528
2018-03-08,60183528
2018-03-09,60183528
2018-03-10,60183528
2018-03-11,60183528
2018-03-12,60183528
2018-03-13,60183528
2018-03-14,60183528
2018-03-15,60183528
2018-03-16,60183528
2018-03-17,60183528
2018-03-18,60183528
2018-03-19,60183528
2018-03-20,60183528
2018-03-21,60183528
2018-03-22,60183528
2018-03-23,60183528
2018-03-24,60183528
2018-03-25,60183528
2018-03-26,60183528
2018-03-27,60183528
2018-03-28,60183528
2018-03-29,60183528
2018-03-30,60183528
2018-03-31,60183528
2018-04-01,60183528
2018-04-02,60183528
2018-04-03,60183528
2018-04-04,60183528
2018-04-05,60183528
2018-04-06,60183528
2018-04-07,60183528
2018-04-08,60183528
2018-04-09,60183528
2018-04-10,60183528
2018-04-11,60183528
2018-04-12,60183528
2018-04-13,60183528
2018-04-14,60183528
2018-04-15,60183528
2018-04-16,60183528
2018-04-17,60183528
2018-04-18,60183528
2018-04-19,60183528
2018-04-20,60183528
2018-04-21,60183528
2018-04-22,60183528
2018-04-23,60183528
2018-04-24,60183528
2018-04-25,60183528
2018-04-26,60183528
2018-04-27,60183528
2018-04-28,60183528
2018-04-29,60183528
2018-04-30,60183528
2018-05-01,60183528
2018-05-02,60183528
2018-05-03,60183528
2018-05-04,60183528
2018-05-05,60183528
2018-05-06,60183528
2018-05-07,60183528
2018-05-08,60183528
2018-05-09,60183528
2018-05-10,60183528
2018-05-11,60183528
2018-05-12,60183528
2018-05-13,60183528
2018-05-14,60183528
2018-05-15,60183528
2018-05-16,60183528
2018-05-17,60183528
2018-05-18,60183528
2018-05-19,60183528
2018-05-20,60183528
2018-05-21,60183528
2018-05-22,60183528
2018-05-23,60183528
2018-05-24,60183528
2018-05-25,60183528
2018-05-26,60183528
2018-05-27,60183528
2018-05-28,60183528
2018-05-29,60183528
2018-05-30,60183528
2018-05-31,60183528
2018-06-01,60183528
2018-06-02,60183528
2018-06-03,60183528
2018-06-04,60183528
2018-06-05,60183528
2018-06-06,60183528
2018-06-07,60183528
2018-06-08,60183528
2018-06-09,60183528
2018-06-10,60183060
2018-06-11,60183060
2018-06-12,60183060
2018-06-13,60183060
2018-06-14,60183060
2018-06-15,60183060
2018-06-16,60183060
2018-06-17,60183060
2018-06-18,60183060
2018-06-19,60183060
2018-06-20,60183060
2018-06-21,60183060
2018-06-22,60183060
2018-06-23,60183060
2018-06-24,60183060
2018-06-25,60183060
2018-06-26,60183060
2018-06-27,60183060
2018-06-28,60183060
2018-06-29,60183060
2018-06-30,60183060
2018-07-01,60183060
2018-07-02,60183060
2018-07-03,60183060
2018-07-04,60183060
2018-07-05,60183060
2018-07-06,60183060
2018-07-07,60183060
2018-07-08,60183060
2018-07-09,60183060
2018-07-10,60183060
2018-07-11,60183060
2018-07-12,60183060
2018-07-13,60183060
2018-07-14,60183060
2018-07-15,60183060
2018-07-16,60183060
2018-07-17,60183060
2018-07-18,60183060
2018-07-19,60183060
2018-07-20,60183060
2018-07-21,60183060
2018-07-22,60183060
2018-07-23,60183060
2018-07-24,60183060
2018-07-25,60183060
2018-07-26,60183060
2018-07-27,60183060
2018-07-28,60183060
2018-07-29,30146348
2018-07-30,30146348
2018-07-31,15127992
2018-08-01,15127992
2018-08-02,15127992
2018-08-03,15127992
2018-08-04,15127992
2018-08-05,15127992
2018-08-06,15127992
2018-08-07,15127992
2018-08-08,15127992
2018-08-09,15127992
2018-08-10,15127992
2018-08-11,15127992
2018-08-12,15127992
2018-08-13,15127992
2018-08-14,15127992
2018-08-15,15127992
2018-08-16,15127992
2018-08-17,15127992
2018-08-18,15127992
2018-08-19,15127992
2018-08-20,15127992
2018-08-21,15127992
2018-08-22,15127992
2018-08-23,15127992
2018-08-24,15127992
2018-08-25,15127992
2018-08-26,15127992
2018-08-27,15127992
2018-08-28,15127992
2018-08-29,15127992
2018-08-30,15127992
2018-08-31,15127992
2018-09-01,15127992
2018-09-02,15127992
2018-09-03,15127992
2018-09-04,15127992
2018-09-05,15127992
2018-09-06,25140229
2018-09-07,25140229
2018-09-08,25140229
2018-09-09,25140229
2018-09-10,25140229
2018-09-11,25140712
2018-09-12,25392059
2018-09-13,25391909
2018-09-14,25392288
2018-09-15,25392288
2018-09-16,25392288
2018-09-17,25392288
2018-09-18,25392985
2018-09-19,26695998
2018-09-20,26696474
2018-09-21,33244652
2018-09-22,36823225
2018-09-23,37324489
2018-09-24,37324489
2018-09-25,38337242
2018-09-26,38337244
2018-09-27,40453807
2018-09-28,42437155
2018-09-29,43376361
2018-09-30,43376612
2018-10-01,43376903
2018-10-02,45388458
2018-10-03,45388413
2018-10-04,56823466
2018-10-05,57993365
2018-10-06,61183499
2018-10-07,61183499
2018-10-08,61183499
2018-10-09,60182585
2018-10-10,61552634
2018-10-11,61360426
2018-10-12,61746551
2018-10-13,69255061
2018-10-14,71929080
2018-10-15,71929080
2018-10-16,95242214
2018-10-17,109711981
2018-10-18,122669962
2018-10-19,122417342
2018-10-20,135981661
2018-10-21,141215783
2018-10-22,141215783
2018-10-23,151222891
2018-10-24,217243483
2018-10-25,257103694
2018-10-26,256515556
2018-10-27,268778018
2018-10-28,268894610
2018-10-29,268869717
2018-10-30,267841333
2018-10-31,275451031
2018-11-01,272496133
2018-11-02,269210270
2018-11-03,292132330
2018-11-04,294058746
2018-11-05,294033663
2018-11-06,298266865
2018-11-07,297779746
2018-11-08,297547742
2018-11-09,298054794
2018-11-10,296708736
2018-11-11,296708736
2018-11-12,296021542
2018-11-13,292118872
2018-11-14,297041913
2018-11-15,298967249
2018-11-16,299882149
2018-11-17,302927985
2018-11-18,303953269
2018-11-19,304152930
2018-11-20,305428397
2018-11-21,319244243
2018-11-22,326123561
2018-11-23,328024067
2018-11-24,333262460
2018-11-25,332267337
2018-11-26,332211506
2018-11-27,328550723
2018-11-28,330659500
2018-11-29,334987955
2018-11-30,345832864
2018-12-01,367519554
2018-12-02,369084000
2018-12-03,369085003
2018-12-04,387312583
2018-12-05,378001146
2018-12-06,366256061
2018-12-07,374919630
2018-12-08,381748882
2018-12-09,385657551
2018-12-10,385820137
2018-12-11,387395091
2018-12-12,380981952
2018-12-13,376954688
2018-12-14,374938971
2018-12-15,381787156
2018-12-16,382039817
2018-12-17,382024207
2018-12-18,389327690
2018-12-19,389560576
2018-12-20,397844173
2018-12-21,401433768
2018-12-22,410390309
2018-12-23,410363120
2018-12-24,410339228
2018-12-25,409321624
2018-12-26,409367178
2018-12-27,406994581
2018-12-28,412902606
2018-12-29,413094578
2018-12-30,417643665
2018-12-31,417700790
2019-01-01,418703521
2019-01-02,426564735
2019-01-03,441434209
2019-01-04,445431052
2019-01-05,656909286
2019-01-06,657861456
2019-01-07,668087067
2019-01-08,678079079
2019-01-09,686145503
2019-01-10,703514342
2019-01-11,705507303
2019-01-12,714602946
2019-01-13,724437741
2019-01-14,731674142
2019-01-15,731738123
2019-01-16,729362227
2019-01-17,686093928
2019-01-18,686127155
2019-01-19,693185573
2019-01-20,697968355
2019-01-21,697915422
2019-01-22,699320589
2019-01-23,702324563
2019-01-24,683428650
2019-01-25,694331097
2019-01-26,695918449
2019-01-27,694057902
2019-01-28,699972824
2019-01-29,684559282
2019-01-30,679941688
2019-01-31,677980074
2019-02-01,656437527
2019-02-02,656405523
2019-02-03,654566639
2019-02-04,654848641
2019-02-05,643315124
2019-02-06,642871918
2019-02-07,640843963
2019-02-08,627132420
2019-02-09,611597009
2019-02-10,611475070
2019-02-11,610173405
2019-02-12,610558760
2019-02-13,609291859
2019-02-14,593576990
2019-02-15,594209465
2019-02-16,593853460
2019-02-17,593390804
2019-02-18,592819777
2019-02-19,591365386
2019-02-20,592981187
2019-02-21,592856781
2019-02-22,575529413
2019-02-23,607983505
2019-02-24,607429187
2019-02-25,606147704
2019-02-26,604917530
2019-02-27,607194119
2019-02-28,608018395
2019-03-01,604631800
2019-03-02,609457831
2019-03-03,614875880
2019-03-04,614066103
2019-03-05,617503191
2019-03-06,617183684
2019-03-07,616311266
2019-03-08,605705037
2019-03-09,611676177
2019-03-10,612117513
2019-03-11,612152961
2019-03-12,615786107
2019-03-13,617293944
2019-03-14,616581546
2019-03-15,617405906
2019-03-16,616504073
2019-03-17,616440390
2019-03-18,615168972
2019-03-19,619934631
2019-03-20,620783471
2019-03-21,620504007
2019-03-22,626348097
2019-03-23,627092805
2019-03-24,627265746
2019-03-25,627372647
2019-03-26,627569909
2019-03-27,626551023
2019-03-28,626906132
2019-03-29,624022441
2019-03-30,623555382
2019-03-31,623329180
2019-04-01,624879301
2019-04-02,626365738
2019-04-03,629623776
2019-04-04,629220955
2019-04-05,628933457
2019-04-06,630486890
2019-04-07,630698261
2019-04-08,630813921
2019-04-09,650072928
2019-04-10,666931817
2019-04-11,705608292
2019-04-12,709478062
2019-04-13,728760160
2019-04-14,724085121
2019-04-15,726583178
2019-04-16,745335594
2019-04-17,751906981
2019-04-18,805597016
2019-04-19,805350312
2019-04-20,816170941
2019-04-21,810791842
2019-04-22,823381930
2019-04-23,820431880
2019-04-24,885025412
2019-04-25,937207494
2019-04-26,993315656
2019-04-27,1004584996
2019-04-28,1043037039
2019-04-29,1045269038
2019-04-30,1065014749
2019-05-01,1074402138
2019-05-02,1083256383
2019-05-03,1094832692
2019-05-04,1108522300
2019-05-05,1114859896
2019-05-06,1118149291
2019-05-07,1124471295
2019-05-08,1128582140
2019-05-09,1137964062
2019-05-10,1079104013
2019-05-11,1091691954
2019-05-12,1092385725
2019-05-13,1094836871
2019-05-14,1116617023
2019-05-15,1114402458
2019-05-16,1124597074
2019-05-17,1131070008
2019-05-18,1134055734
2019-05-19,1137344847
2019-05-20,1141824590
2019-05-21,1161582545
2019-05-22,1187050787
2019-05-23,1202639553
2019-05-24,1219342854
2019-05-25,1260098111
2019-05-26,1279466775
2019-05-27,1289093842
2019-05-28,1295258842
2019-05-29,1306525492
2019-05-30,1330388464
2019-05-31,1302219330
2019-06-01,1316565784
2019-06-02,1320111780
2019-06-03,1319957173
2019-06-04,1328807069
2019-06-05,1340032591
2019-06-06,1369262153
2019-06-07,1400091041
2019-06-08,1414345017
2019-06-09,1414342544
2019-06-10,1416353656
2019-06-11,1455628105
2019-06-12,1487476353
2019-06-13,1532681290
2019-06-14,1553258375
2019-06-15,1574353049
2019-06-16,1585454750
2019-06-17,1607180551
2019-06-18,1629312264
2019-06-19,1635358837
2019-06-20,1632059716
2019-06-21,1647621759
2019-06-22,1660454764
2019-06-23,1661740777
2019-06-24,1676241608
2019-06-25,1666845035
2019-06-26,1684973417
2019-06-27,1685552007
2019-06-28,1705236168
2019-06-29,1736888606
2019-06-30,1766831762
2019-07-01,1766659769
2019-07-02,1786939453
2019-07-03,1806539915
2019-07-04,1863841156
2019-07-05,1899685625
2019-07-06,1950307325
2019-07-07,1968012844
2019-07-08,1977795201
2019-07-09,2034665676
2019-07-10,2069383596
2019-07-11,2072119461
2019-07-12,2113854593
2019-07-13,2206512996
2019-07-14,2214044635
2019-07-15,2219216423
2019-07-16,2246616182
2019-07-17,2283251496
2019-07-18,2329551684
2019-07-19,2364681802
2019-07-20,2323711618
2019-07-21,2324991117
2019-07-22,2333186277
2019-07-23,2338759545
2019-07-24,2336108179
2019-07-25,2357159682
2019-07-26,2363643120
2019-07-27,2363134240
2019-07-28,2372507685
2019-07-29,2378024208
2019-07-30,2406231589
2019-07-31,2410754774
2019-08-01,2419958837
2019-08-02,2417490079
2019-08-03,2401420673
2019-08-04,2410391794
2019-08-05,2418436211
2019-08-06,2497816143
2019-08-07,2497413191
2019-08-08,2489193613
2019-08-09,2481193249
2019-08-10,2457383265
2019-08-11,2461545925
2019-08-12,2467056340
2019-08-13,2461275948
2019-08-14,2444576386
2019-08-15,2446072128
2019-08-16,2437135234
2019-08-17,2445238089
2019-08-18,2445015653
2019-08-19,2445847972
2019-08-20,2449533081
2019-08-21,2444419632
2019-08-22,2466833723
2019-08-23,2468871948
2019-08-24,2476648055
2019-08-25,2475467081
2019-08-26,2477336460
2019-08-27,2473973486
2019-08-28,2467186992
2019-08-29,2472630449
2019-08-30,2502101641
2019-08-31,2511467562
2019-09-01,2510705599
2019-09-02,2509464863
2019-09-03,2514595784
2019-09-04,2540955139
2019-09-05,2533527300
2019-09-06,2573699148
2019-09-07,2601324872
2019-09-08,2603893504
2019-09-09,2600817246
2019-09-10,2596372411
2019-09-11,2604927130
2019-09-12,2603875369
2019-09-13,2911278010
2019-09-14,2917532449
2019-09-15,2920000940
2019-09-16,2919434954
2019-09-17,2908515981
2019-09-18,2895246296
2019-09-19,2878752569
2019-09-20,2877558426
2019-09-21,2867790725
2019-09-22,2867501777
2019-09-23,2869496457
2019-09-24,2875518005
2019-09-25,2895740486
2019-09-26,2928533593
2019-09-27,2925736459
2019-09-28,2937214128
2019-09-29,2944065164
2019-09-30,2949092827
2019-10-01,2961968568
2019-10-02,2986861529
2019-10-03,3015952498
2019-10-04,3047695165
2019-10-05,3052193752
2019-10-06,3052518668
2019-10-07,3074659130
2019-10-08,3079252133
2019-10-09,3078577267
2019-10-10,3082969846
2019-10-11,3093100020
2019-10-12,3108800792
2019-10-13,3108750721
2019-10-14,3111147223
2019-10-15,3107419491
2019-10-16,3110035713
2019-10-17,3109572740
2019-10-18,3127911639
2019-10-19,3139555506
2019-10-20,3148064516
2019-10-21,3178361515
2019-10-22,3184832131
2019-10-23,3187422946
2019-10-24,3277004889
2019-10-25,3377391920
2019-10-26,3322678641
2019-10-27,3328596049
2019-10-28,3326489823
2019-10-29,3321494318
2019-10-30,3646785193
2019-10-31,3656623069
2019-11-01,3625997711
2019-11-02,3624432294
2019-11-03,3638871951
2019-11-04,3639340876
2019-11-05,3627989710
2019-11-06,3649491291
2019-11-07,3635927613
2019-11-08,3631682455
2019-11-09,3618459051
2019-11-10,3618226228
2019-11-11,3617647752
2019-11-12,3616519417
2019-11-13,3610517708
2019-11-14,3609259705
2019-11-15,3599913225
2019-11-16,3594129579
2019-11-17,3597071879
2019-11-18,3596328282
2019-11-19,3590660116
2019-11-20,3597017502
2019-11-21,3593885270
2019-11-22,3624101848
2019-11-23,3645855979
2019-11-24,3621319569
2019-11-25,3627795274
2019-11-26,3671020542
2019-11-27,3671264954
2019-11-28,3687589971
2019-11-29,3682473291
2019-11-30,3693731139
2019-12-01,3696530497
2019-12-02,3699476292
2019-12-03,3738425544
2019-12-04,3733631183
2019-12-05,3761300671
2019-12-06,3757695207
2019-12-07,3769105002
2019-12-08,3777712068
2019-12-09,3779792302
2019-12-10,3816928348
2019-12-11,4068643525
2019-12-12,4046661970
2019-12-13,4052025718
2019-12-14,4046454853
2019-12-15,4047145798
2019-12-16,4048868790
2019-12-17,4058540792
2019-12-18,4060816610
2019-12-19,4093955951
2019-12-20,4142438731
2019-12-21,4170042609
2019-12-22,4163555060
2019-12-23,4164576755
2019-12-24,4175422499
2019-12-25,4170493520
2019-12-26,4173471024
2019-12-27,4165855978
2019-12-28,4169845518
2019-12-29,4165229806
2019-12-30,4167785868
2019-12-31,4172399815
2020-01-01,4171183915
2020-01-02,4172339379
2020-01-03,5263029449
2020-01-04,5317903566
2020-01-05,5322101858
2020-01-06,5316121908
2020-01-07,5325138380
2020-01-08,5304331004
2020-01-09,5275432151
2020-01-10,5273924299
2020-01-11,5259752141
2020-01-12,5234934725
2020-01-13,5245783884
2020-01-14,5231385318
2020-01-15,5216671448
2020-01-16,5235012363
2020-01-17,5232415331
2020-01-18,5224614339
2020-01-19,5221882346
2020-01-20,5227154052
2020-01-21,5221336668
2020-01-22,5219971982
2020-01-23,5227729620
2020-01-24,5215652091
2020-01-25,5226584411
2020-01-26,5220949191
2020-01-27,5223306407
2020-01-28,5213807404
2020-01-29,5241286354
2020-01-30,5225319308
2020-01-31,5227722361
2020-02-01,5223708022
2020-02-02,5225343587
2020-02-03,5229795520
2020-02-04,5235733266
2020-02-05,5221892129
2020-02-06,5215313720
2020-02-07,5221658747
2020-02-08,5211462780
2020-02-09,5215838450
2020-02-10,5243178189
2020-02-11,5224485837
2020-02-12,5222502601
2020-02-13,5217445835
2020-02-14,5226055786
2020-02-15,5224982222
2020-02-16,5224513135
2020-02-17,5233688392
2020-02-18,5242743901
2020-02-19,5228236453
2020-02-20,5228023411
2020-02-21,5226047156
2020-02-22,5232028938
2020-02-23,5231475395
2020-02-24,5241127908
2020-02-25,5219704618
2020-02-26,5217265149
2020-02-27,5212229955
2020-02-28,5235746126
2020-02-29,5228258455
2020-03-01,5223885102
2020-03-02,5229647485
2020-03-03,5231240071
2020-03-04,5244698752
2020-03-05,5244149199
2020-03-06,5228153391
2020-03-07,5243060587
2020-03-08,5241439606
2020-03-09,5211954498
2020-03-10,5247349957
2020-03-11,5248279700
2020-03-12,5275124338
2020-03-13,5300063186
2020-03-14,5388296097
2020-03-15,5325996363
2020-03-16,5391280199
2020-03-17,5408977302
2020-03-18,5424695019
2020-03-19,5358062292
2020-03-20,5440815259
2020-03-21,5481009210
2020-03-22,5435070454
2020-03-23,5460360343
2020-03-24,5479578866
2020-03-25,5498952201
2020-03-26,5523480109
2020-03-27,5509246065
2020-03-28,5486237668
2020-03-29,5497449798
2020-03-30,5504589512
2020-03-31,5498129318
2020-04-01,5484245718
2020-04-02,5506879823
2020-04-03,7520361335
2020-04-04,7562443213
2020-04-05,7557471767
2020-04-06,7572365440
2020-04-07,7551042009
2020-04-08,7548153522
2020-04-09,7568216566
2020-04-10,7579440165
2020-04-11,7585666155
2020-04-12,7585181801
2020-04-13,7597510990
2020-04-14,7588940386
2020-04-15,7613376819
2020-04-16,7594803190
2020-04-17,7819217665
2020-04-18,7801664672
2020-04-19,7800496165
2020-04-20,7823573706
2020-04-21,7830793196
2020-04-22,7810784076
2020-04-23,8587470416
2020-04-24,8553117734
2020-04-25,8572630885
2020-04-26,8604432709
2020-04-27,8625455878
2020-04-28,8633110935
2020-04-29,8600774867
2020-04-30,9147699579
2020-05-01,9140635937
2020-05-02,9207527701
2020-05-03,9228432767
2020-05-04,9255372698
2020-05-05,9230502496
2020-05-06,9314529388
2020-05-07,9385201295
2020-05-08,9549415672
2020-05-09,9624782717
2020-05-10,9786861585
2020-05-11,9949939825
2020-05-12,9963394794
2020-05-13,1.011682099e+10
2020-05-14,1.013692414e+10
2020-05-15,1.026475176e+10
2020-05-16,1.032055802e+10
2020-05-17,1.034170163e+10
2020-05-18,1.043432615e+10
2020-05-19,1.040677508e+10
2020-05-20,1.037623339e+10
2020-05-21,1.040742591e+10
2020-05-22,1.038596468e+10
2020-05-23,1.036348296e+10
2020-05-24,1.037001955e+10
2020-05-25,1.044267114e+10
2020-05-26,1.048487922e+10
2020-05-27,1.047571478e+10
2020-05-28,1.050414382e+10
2020-05-29,1.052181056e+10
2020-05-30,1.051904605e+10
2020-05-31,1.058512102e+10
2020-06-01,1.055400411e+10
2020-06-02,1.058682496e+10
2020-06-03,1.06711281e+10
2020-06-04,1.069518524e+10
2020-06-05,1.0737882e+10
2020-06-06,1.073803156e+10
2020-06-07,1.076195807e+10
2020-06-08,1.078774224e+10
2020-06-09,1.082315173e+10
2020-06-10,1.082966675e+10
2020-06-11,1.089076454e+10
2020-06-12,1.090521028e+10
2020-06-13,1.096814698e+10
2020-06-14,1.097458062e+10
2020-06-15,1.098182153e+10
2020-06-16,1.099305276e+10
2020-06-17,1.104606565e+10
2020-06-18,1.10763949e+10
2020-06-19,1.112893463e+10
2020-06-20,1.122197279e+10
2020-06-21,1.12694314e+10
2020-06-22,1.129137149e+10
2020-06-23,1.133925652e+10
2020-06-24,1.12960084e+10
2020-06-25,1.131163715e+10
2020-06-26,1.129619697e+10
2020-06-27,1.133205879e+10
2020-06-28,1.137465944e+10
2020-06-29,1.138069176e+10
2020-06-30,1.13586739e+10
2020-07-01,1.13830934e+10
2020-07-02,1.142555692e+10
2020-07-03,1.143110846e+10
2020-07-04,1.148305216e+10
2020-07-05,1.154863348e+10
2020-07-06,1.156510668e+10
2020-07-07,1.158305213e+10
2020-07-08,1.161365091e+10
2020-07-09,1.165564978e+10
2020-07-10,1.170011285e+10
2020-07-11,1.172523459e+10
2020-07-12,1.17715095e+10
2020-07-13,1.176383678e+10
2020-07-14,1.178097643e+10
2020-07-15,1.177347646e+10
2020-07-16,1.181381055e+10
2020-07-17,1.183025962e+10
2020-07-18,1.184945519e+10
2020-07-19,1.189417971e+10
2020-07-20,1.196910668e+10
2020-07-21,1.193847201e+10
2020-07-22,1.197595752e+10
2020-07-23,1.209797574e+10
2020-07-24,1.220480154e+10
2020-07-25,1.234790632e+10
2020-07-26,1.23722788e+10
2020-07-27,1.246522166e+10
2020-07-28,1.238329692e+10
2020-07-29,1.268774204e+10
2020-07-30,1.285700787e+10
2020-07-31,1.294579952e+10
2020-08-01,1.299704052e+10
2020-08-02,1.317185804e+10
2020-08-03,1.330872486e+10
2020-08-04,1.336320926e+10
2020-08-05,1.343187484e+10
2020-08-06,1.351743773e+10
2020-08-07,1.360634599e+10
2020-08-08,1.378284934e+10
2020-08-09,1.393135138e+10
2020-08-10,1.401509592e+10
2020-08-11,1.40449867e+10
2020-08-12,1.420108744e+10
2020-08-13,1.42740533e+10
2020-08-14,1.441284349e+10
2020-08-15,1.472975599e+10
2020-08-16,1.471651494e+10
2020-08-17,1.478900409e+10
2020-08-18,1.494639124e+10
2020-08-19,1.521154408e+10
2020-08-20,1.523441479e+10
2020-08-21,1.535156528e+10
2020-08-22,1.548395227e+10
2020-08-23,1.558997152e+10
2020-08-24,1.565185218e+10
2020-08-25,1.568304921e+10
2020-08-26,1.571303812e+10
2020-08-27,1.573983991e+10
2020-08-28,1.591669236e+10
2020-08-29,1.602717707e+10
2020-08-30,1.623923373e+10
2020-08-31,1.627904442e+10
2020-09-01,1.553200266e+10
2020-09-02,1.571062417e+10
2020-09-03,1.598889344e+10
2020-09-04,1.607403456e+10
2020-09-05,1.625001762e+10
2020-09-06,1.631448765e+10
2020-09-07,1.636935891e+10
2020-09-08,1.669331954e+10
2020-09-09,1.668335313e+10
2020-09-10,1.702854402e+10
2020-09-11,1.71274233e+10
2020-09-12,1.722288823e+10
2020-09-13,1.729647396e+10
2020-09-14,1.762651349e+10
2020-09-15,1.676648725e+10
2020-09-16,1.791486114e+10
2020-09-17,1.816763301e+10
2020-09-18,1.839706258e+10
2020-09-19,1.852224737e+10
2020-09-20,1.881835667e+10
2020-09-21,1.890003366e+10
2020-09-22,1.896269633e+10
2020-09-23,1.898874402e+10
2020-09-24,1.90714433e+10
2020-09-25,1.914394626e+10
2020-09-26,1.916798152e+10
2020-09-27,1.925484517e+10
2020-09-28,1.930294336e+10
2020-09-29,1.921517037e+10
2020-09-30,1.92228454e+10
2020-10-01,1.924055278e+10
2020-10-02,1.938814619e+10
2020-10-03,1.946968195e+10
2020-10-04,1.951575728e+10
2020-10-05,1.953848872e+10
2020-10-06,1.95564974e+10
2020-10-07,1.959200588e+10
2020-10-08,1.961052038e+10
2020-10-09,1.988514066e+10
2020-10-10,1.996851165e+10
2020-10-11,2.002781179e+10
2020-10-12,2.004986218e+10
2020-10-13,2.007610572e+10
2020-10-14,2.004462913e+10
2020-10-15,2.003129539e+10
2020-10-16,2.002075955e+10
2020-10-17,1.999632871e+10
2020-10-18,1.998904944e+10
2020-10-19,2.002831455e+10
2020-10-20,2.016146421e+10
2020-10-21,2.049048106e+10
2020-10-22,2.058254099e+10
2020-10-23,2.068716149e+10
2020-10-24,2.066728779e+10
2020-10-25,2.070357583e+10
2020-10-26,2.073930376e+10
2020-10-27,2.082045914e+10
2020-10-28,2.085235785e+10
2020-10-29,2.100028581e+10
2020-10-30,2.103690564e+10
2020-10-31,2.118749954e+10
2020-11-01,2.12317262e+10
2020-11-02,2.124830244e+10
2020-11-03,2.123394617e+10
2020-11-04,2.136658923e+10
2020-11-05,2.132248197e+10
2020-11-06,2.160895824e+10
2020-11-07,2.172078173e+10
2020-11-08,2.175513552e+10
2020-11-09,2.17410021e+10
2020-11-10,2.168184748e+10
2020-11-11,2.185141738e+10
2020-11-12,2.20500195e+10
2020-11-13,2.222161845e+10
2020-11-14,2.224995456e+10
2020-11-15,2.229312503e+10
2020-11-16,2.229596059e+10
2020-11-17,2.243175039e+10
2020-11-18,2.237542389e+10
2020-11-19,2.238633766e+10
2020-11-20,2.256621749e+10
2020-11-21,2.296708572e+10
2020-11-22,2.302134346e+10
2020-11-23,2.308548271e+10
2020-11-24,2.324545564e+10
2020-11-25,2.34687518e+10
2020-11-26,2.347645555e+10
2020-11-27,2.345659334e+10
2020-11-28,2.344443894e+10
2020-11-29,2.359047741e+10
2020-11-30,2.360819327e+10
2020-12-01,2.404259807e+10
2020-12-02,2.423498746e+10
2020-12-03,2.429298054e+10
2020-12-04,2.439497527e+10
2020-12-05,2.460247265e+10
2020-12-06,2.463192296e+10
2020-12-07,2.467962171e+10
2020-12-08,2.461038094e+10
2020-12-09,2.460381006e+10
2020-12-10,2.460124757e+10
2020-12-11,2.475565767e+10
2020-12-12,2.480183672e+10
2020-12-13,2.492503408e+10
2020-12-14,2.497802562e+10
2020-12-15,2.50455814e+10
2020-12-16,2.527441333e+10
2020-12-17,2.540860292e+10
2020-12-18,2.543457398e+10
2020-12-19,2.56929921e+10
2020-12-20,2.583534404e+10
2020-12-21,2.582953066e+10
2020-12-22,2.595663729e+10
2020-12-23,2.593701375e+10
2020-12-24,2.61878582e+10
2020-12-25,2.649177765e+10
2020-12-26,2.652690763e+10
2020-12-27,2.655058428e+10
2020-12-28,2.658342515e+10
2020-12-29,2.683129705e+10
2020-12-30,2.688715285e+10
2020-12-31,2.706471544e+10
2021-01-01,2.737565813e+10
2021-01-02,2.827370666e+10
2021-01-03,2.925331194e+10
2021-01-04,2.942175968e+10
2021-01-05,2.927812528e+10
2021-01-06,3.008270742e+10
2021-01-07,3.112544752e+10
2021-01-08,3.120574932e+10
2021-01-09,3.205605717e+10
2021-01-10,3.234279189e+10
2021-01-11,3.226505011e+10
2021-01-12,3.227790345e+10
2021-01-13,3.256652581e+10
2021-01-14,3.263767603e+10
2021-01-15,3.264328033e+10
2021-01-16,3.27865234e+10
2021-01-17,3.301389496e+10
2021-01-18,3.298863092e+10
2021-01-19,3.354294328e+10
2021-01-20,3.358874957e+10
2021-01-21,3.376719467e+10
2021-01-22,3.381691791e+10
2021-01-23,3.407028463e+10
2021-01-24,3.412064381e+10
2021-01-25,3.427928192e+10
2021-01-26,3.422236979e+10
2021-01-27,3.473215995e+10
2021-01-28,3.541538505e+10
2021-01-29,3.604057235e+10
2021-01-30,3.655170348e+10
2021-01-31,3.662945549e+10
2021-02-01,3.716770396e+10
2021-02-02,3.708669604e+10
2021-02-03,3.566309775e+10
2021-02-04,3.824278472e+10
2021-02-05,3.876537511e+10
2021-02-06,3.998312614e+10
2021-02-07,4.008173374e+10
2021-02-08,4.149470577e+10
2021-02-09,4.183201521e+10
2021-02-10,4.306349061e+10
2021-02-11,4.34116247e+10
2021-02-12,4.364297905e+10
2021-02-13,4.480505428e+10
2021-02-14,4.527312244e+10
2021-02-15,4.531828722e+10
2021-02-16,4.577878226e+10
2021-02-17,4.668123556e+10
2021-02-18,4.68402344e+10
2021-02-19,4.747175908e+10
2021-02-20,4.910940271e+10
2021-02-21,4.956665552e+10
2021-02-22,4.955599197e+10
2021-02-23,4.999835614e+10
2021-02-24,4.99994487e+10
2021-02-25,5.056242098e+10
2021-02-26,5.033604811e+10
2021-02-27,5.106670142e+10
2021-02-28,5.075467854e+10
2021-03-01,5.210558217e+10
2021-03-02,5.251685223e+10
2021-03-03,5.402907255e+10
2021-03-04,5.344482522e+10
2021-03-05,5.389260933e+10
2021-03-06,5.405409423e+10
2021-03-07,5.435775982e+10
2021-03-08,5.435563515e+10
2021-03-09,5.410114178e+10
2021-03-10,5.542742079e+10
2021-03-11,5.569858303e+10
2021-03-12,5.602348997e+10
2021-03-13,5.642213678e+10
2021-03-14,5.64589473e+10
2021-03-15,5.749921852e+10
2021-03-16,5.820924218e+10
2021-03-17,5.834705169e+10
2021-03-18,5.866826655e+10
2021-03-19,5.896219578e+10
2021-03-20,5.920711862e+10
2021-03-21,6.028076007e+10
2021-03-22,6.048172121e+10
2021-03-23,6.071341448e+10
2021-03-24,6.053806668e+10
2021-03-25,6.060426821e+10
2021-03-26,6.078865068e+10
2021-03-27,6.223780435e+10
2021-03-28,6.238233441e+10
2021-03-29,6.285330764e+10
2021-03-30,6.247592979e+10
2021-03-31,6.275661485e+10
2021-04-01,6.383900551e+10
2021-04-02,6.39767347e+10
2021-04-03,6.636176933e+10
2021-04-04,6.670198884e+10
2021-04-05,6.716092226e+10
2021-04-06,6.825559689e+10
2021-04-07,6.830160927e+10
2021-04-08,6.873062408e+10
2021-04-09,6.932451552e+10
2021-04-10,6.959090807e+10
2021-04-11,6.983976948e+10
2021-04-12,7.082072409e+10
2021-04-13,7.066808788e+10
2021-04-14,7.324700513e+10
2021-04-15,7.364610867e+10
2021-04-16,7.42591797e+10
2021-04-17,7.638979163e+10
2021-04-18,7.697663006e+10
2021-04-19,8.000198283e+10
2021-04-20,8.022251535e+10
2021-04-21,8.111762248e+10
2021-04-22,8.146711471e+10
2021-04-23,8.183866152e+10
2021-04-24,8.196955837e+10
2021-04-25,8.191037924e+10
2021-04-26,8.266175082e+10
2021-04-27,8.302522829e+10
2021-04-28,8.308101248e+10
2021-04-29,8.389641161e+10
2021-04-30,8.355708426e+10
2021-05-01,8.491117666e+10
2021-05-02,8.538840145e+10
2021-05-03,8.663137213e+10
2021-05-04,8.675398549e+10
2021-05-05,8.90461905e+10
2021-05-06,8.959926442e+10
2021-05-07,9.015718188e+10
2021-05-08,9.032538745e+10
2021-05-09,9.06434314e+10
2021-05-10,9.197878061e+10
2021-05-11,9.360204234e+10
2021-05-12,9.448156801e+10
2021-05-13,9.452599224e+10
2021-05-14,9.405774992e+10
2021-05-15,9.469597394e+10
2021-05-16,9.4711525e+10
2021-05-17,9.520151693e+10
2021-05-18,9.680567384e+10
2021-05-19,9.635955491e+10
2021-05-20,9.51908066e+10
2021-05-21,9.700768492e+10
2021-05-22,9.910027083e+10
2021-05-23,9.980556954e+10
2021-05-24,1.00951865e+11
2021-05-25,1.015753007e+11
2021-05-26,1.018608552e+11
2021-05-27,1.029164766e+11
2021-05-28,1.040407086e+11
2021-05-29,1.047843093e+11
2021-05-30,1.043350236e+11
2021-05-31,1.023502661e+11
2021-06-01,1.057074461e+11
2021-06-02,1.063459503e+11
2021-06-03,1.063324734e+11
2021-06-04,1.069678138e+11
2021-06-05,1.071796993e+11
2021-06-06,1.074895136e+11
2021-06-07,1.079577075e+11
2021-06-08,1.074169631e+11
2021-06-09,1.081215229e+11
2021-06-10,1.0842284e+11
2021-06-11,1.080508729e+11
2021-06-12,1.07848326e+11
2021-06-13,1.081510326e+11
2021-06-14,1.082598338e+11
2021-06-15,1.083460667e+11
2021-06-16,1.084894633e+11
2021-06-17,1.078126152e+11
2021-06-18,1.081282835e+11
2021-06-19,1.083000431e+11
2021-06-20,1.086135648e+11
2021-06-21,1.089340491e+11
2021-06-22,1.087356002e+11
2021-06-23,1.095135119e+11
2021-06-24,1.096902291e+11
2021-06-25,1.098397582e+11
2021-06-26,1.099818836e+11
2021-06-27,1.103335968e+11
2021-06-28,1.104939234e+11
2021-06-29,1.100052233e+11
2021-06-30,1.096209262e+11
2021-07-01,1.101173699e+11
2021-07-02,1.103289877e+11
2021-07-03,1.110521646e+11
2021-07-04,1.110391733e+11
2021-07-05,1.105196604e+11
2021-07-06,1.111911837e+11
2021-07-07,1.115479565e+11
2021-07-08,1.114038591e+11
2021-07-09,1.118948988e+11
2021-07-10,1.11876192e+11
2021-07-11,1.119876718e+11
2021-07-12,1.117850334e+11
2021-07-13,1.121248698e+11
2021-07-14,1.119156456e+11
2021-07-15,1.118748784e+11
2021-07-16,1.126471893e+11
2021-07-17,1.11854213e+11
2021-07-18,1.123185994e+11
2021-07-19,1.126982747e+11
2021-07-20,1.124496982e+11
2021-07-21,1.125471145e+11
2021-07-22,1.13015426e+11
2021-07-23,1.129046813e+11
2021-07-24,1.132224442e+11
2021-07-25,1.134537036e+11
2021-07-26,1.139511052e+11
2021-07-27,1.136778577e+11
2021-07-28,1.142633568e+11
2021-07-29,1.138644116e+11
2021-07-30,1.140861881e+11
2021-07-31,1.146642542e+11
2021-08-01,1.140875187e+11
2021-08-02,1.140418277e+11
2021-08-03,1.142067659e+11
2021-08-04,1.145694466e+11
2021-08-05,1.12672181e+11
2021-08-06,1.132214221e+11
2021-08-07,1.136185768e+11
2021-08-08,1.148815273e+11
2021-08-09,1.149281473e+11
2021-08-10,1.150056217e+11
2021-08-11,1.145387059e+11
2021-08-12,1.146055867e+11
2021-08-13,1.147935378e+11
2021-08-14,1.146078217e+11
2021-08-15,1.156329615e+11
2021-08-16,1.15792599e+11
2021-08-17,1.156507868e+11
2021-08-18,1.155857636e+11
2021-08-19,1.157999088e+11
2021-08-20,1.164221072e+11
2021-08-21,1.165373942e+11
2021-08-22,1.165458564e+11
2021-08-23,1.181277993e+11
2021-08-24,1.1574095e+11
2021-08-25,1.177426055e+11
2021-08-26,1.176284818e+11
2021-08-27,1.175764244e+11
2021-08-28,1.180353399e+11
2021-08-29,1.180963273e+11
2021-08-30,1.181315432e+11
2021-08-31,1.180448084e+11
2021-09-01,1.184622985e+11
2021-09-02,1.185612298e+11
2021-09-03,1.196302851e+11
2021-09-04,1.197861789e+11
2021-09-05,1.198630052e+11
2021-09-06,1.209990455e+11
2021-09-07,1.230780233e+11
2021-09-08,1.236119416e+11
2021-09-09,1.24015253e+11
2021-09-10,1.243468191e+11
2021-09-11,1.234923438e+11
2021-09-12,1.240044481e+11
2021-09-13,1.245641315e+11
2021-09-14,1.239839661e+11
2021-09-15,1.242824108e+11
2021-09-16,1.241871049e+11
2021-09-17,1.244403051e+11
2021-09-18,1.249325037e+11
2021-09-19,1.248494101e+11
2021-09-20,1.250902675e+11
2021-09-21,1.241336156e+11
2021-09-22,1.239141156e+11
2021-09-23,1.251419779e+11
2021-09-24,1.257922018e+11
2021-09-25,1.265224616e+11
2021-09-26,1.27197461e+11
2021-09-27,1.276714588e+11
2021-09-28,1.262999081e+11
2021-09-29,1.263088646e+11
2021-09-30,1.27365031e+11
2021-10-01,1.271264725e+11
2021-10-02,1.272138587e+11
2021-10-03,1.272953005e+11
2021-10-04,1.276736013e+11
2021-10-05,1.276360185e+11
2021-10-06,1.278754401e+11
2021-10-07,1.28307641e+11
2021-10-08,1.285003834e+11
2021-10-09,1.287120114e+11
2021-10-10,1.289509397e+11
2021-10-11,1.290004667e+11
2021-10-12,1.296194448e+11
2021-10-13,1.291509163e+11
2021-10-14,1.292806947e+11
2021-10-15,1.29545417e+11
2021-10-16,1.297604732e+11
2021-10-17,1.297679182e+11
2021-10-18,1.296446902e+11
2021-10-19,1.294499624e+11
2021-10-20,1.293925507e+11
2021-10-21,1.298795334e+11
2021-10-22,1.295715552e+11
2021-10-23,1.301756495e+11
2021-10-24,1.304015239e+11
2021-10-25,1.303257202e+11
2021-10-26,1.303790381e+11
2021-10-27,1.298519893e+11
2021-10-28,1.305329745e+11
2021-10-29,1.310203877e+11
2021-10-30,1.31490255e+11
2021-10-31,1.318679118e+11
2021-11-01,1.31653666e+11
2021-11-02,1.331723058e+11
2021-11-03,1.342917994e+11
2021-11-04,1.34220641e+11
2021-11-05,1.355595298e+11
2021-11-06,1.369929889e+11
2021-11-07,1.368328307e+11
2021-11-08,1.381241901e+11
2021-11-09,1.37053349e+11
2021-11-10,1.395539054e+11
2021-11-11,1.397190474e+11
2021-11-12,1.394480117e+11
2021-11-13,1.405558091e+11
2021-11-14,1.409629689e+11
2021-11-15,1.421820973e+11
2021-11-16,1.420110592e+11
2021-11-17,1.430004776e+11
2021-11-18,1.443468111e+11
2021-11-19,1.440329622e+11
2021-11-20,1.459488416e+11
2021-11-21,1.465937108e+11
2021-11-22,1.464777385e+11
2021-11-23,1.460732637e+11
2021-11-24,1.465329326e+11
2021-11-25,1.469362058e+11
2021-11-26,1.477552969e+11
2021-11-27,1.484142356e+11
2021-11-28,1.487855194e+11
2021-11-29,1.489503922e+11
2021-11-30,1.483833813e+11
2021-12-01,1.490779323e+11
2021-12-02,1.497965218e+11
2021-12-03,1.496748442e+11
2021-12-04,1.514283851e+11
2021-12-05,1.526280408e+11
2021-12-06,1.534519597e+11
2021-12-07,1.542008004e+11
2021-12-08,1.550336491e+11
2021-12-09,1.53107416e+11
2021-12-10,1.554568823e+11
2021-12-11,1.555595298e+11
2021-12-12,1.562484673e+11
2021-12-13,1.56342321e+11
2021-12-14,1.562179074e+11
2021-12-15,1.581201965e+11
2021-12-16,1.581807595e+11
2021-12-17,1.580406943e+11
2021-12-18,1.585019158e+11
2021-12-19,1.59098354e+11
2021-12-20,1.588025587e+11
2021-12-21,1.603568897e+11
2021-12-22,1.607397622e+11
2021-12-23,1.593362514e+11
2021-12-24,1.599501991e+11
2021-12-25,1.602925535e+11
2021-12-26,1.601793838e+11
2021-12-27,1.614086992e+11
2021-12-28,1.613571914e+11
2021-12-29,1.613860841e+11
2021-12-30,1.61265277e+11
2021-12-31,1.625339194e+11
2022-01-01,1.618947434e+11
2022-01-02,1.669875954e+11
2022-01-03,1.660809422e+11
2022-01-04,1.663320788e+11
2022-01-05,1.663332834e+11
2022-01-06,1.672835676e+11
2022-01-07,1.671085606e+11
2022-01-08,1.669192503e+11
2022-01-09,1.663464607e+11
2022-01-10,1.662603149e+11
2022-01-11,1.675003978e+11
2022-01-12,1.677197222e+11
2022-01-13,1.686186352e+11
2022-01-14,1.688561689e+11
2022-01-15,1.691385816e+11
2022-01-16,1.692782852e+11
2022-01-17,1.696591316e+11
2022-01-18,1.702362371e+11
2022-01-19,1.697572186e+11
2022-01-20,1.70333439e+11
2022-01-21,1.7106559e+11
2022-01-22,1.702769023e+11
2022-01-23,1.724425221e+11
2022-01-24,1.718242026e+11
2022-01-25,1.730126383e+11
2022-01-26,1.728812811e+11
2022-01-27,1.740103061e+11
2022-01-28,1.742613136e+11
2022-01-29,1.728321434e+11
2022-01-30,1.736485452e+11
2022-01-31,1.732072963e+11
2022-02-01,1.736783324e+11
2022-02-02,1.742019867e+11
2022-02-03,1.748253952e+11
2022-02-04,1.757768333e+11
2022-02-05,1.772754894e+11
2022-02-06,1.761709142e+11
2022-02-07,1.766674586e+11
2022-02-08,1.768944626e+11
2022-02-09,1.776614971e+11
2022-02-10,1.782195837e+11
2022-02-11,1.791838962e+11
2022-02-12,1.797814307e+11
2022-02-13,1.797651029e+11
2022-02-14,1.799685978e+11
2022-02-15,1.797879746e+11
2022-02-16,1.804001923e+11
2022-02-17,1.803327377e+11
2022-02-18,1.806339415e+11
2022-02-19,1.810455601e+11
2022-02-20,1.820482983e+11
2022-02-21,1.816191605e+11
2022-02-22,1.81936068e+11
2022-02-23,1.822430087e+11
2022-02-24,1.826282328e+11
2022-02-25,1.831351725e+11
2022-02-26,1.826015366e+11
2022-02-27,1.833596018e+11
2022-02-28,1.84075922e+11
2022-03-01,1.834409998e+11
2022-03-02,1.835638787e+11
2022-03-03,1.837908672e+11
2022-03-04,1.835719574e+11
2022-03-05,1.835213841e+11
2022-03-06,1.837519217e+11
2022-03-07,1.839447428e+11
2022-03-08,1.829263607e+11
2022-03-09,1.835216559e+11
2022-03-10,1.838742141e+11
2022-03-11,1.843181133e+11
2022-03-12,1.842878635e+11
2022-03-13,1.845397189e+11
2022-03-14,1.847716333e+11
2022-03-15,1.845588391e+11
2022-03-16,1.844792664e+11
2022-03-17,1.846995012e+11
2022-03-18,1.854279523e+11
2022-03-19,1.860337302e+11
2022-03-20,1.862365719e+11
2022-03-21,1.864953182e+11
2022-03-22,1.864604459e+11
2022-03-23,1.862331784e+11
2022-03-24,1.855998972e+11
2022-03-25,1.858797028e+11
2022-03-26,1.854619861e+11
2022-03-27,1.856916093e+11
2022-03-28,1.855976753e+11
2022-03-29,1.854309493e+11
2022-03-30,1.862856144e+11
2022-03-31,1.870963021e+11
2022-04-01,1.866223726e+11
2022-04-02,1.873919427e+11
2022-04-03,1.870565961e+11
2022-04-04,1.870119438e+11
2022-04-05,1.867968036e+11
2022-04-06,1.868823622e+11
2022-04-07,1.860044438e+11
2022-04-08,1.861099682e+11
2022-04-09,1.864155127e+11
2022-04-10,1.868209529e+11
2022-04-11,1.868233588e+11
2022-04-12,1.860284301e+11
2022-04-13,1.863223177e+11
2022-04-14,1.858382281e+11
2022-04-15,1.858985956e+11
2022-04-16,1.858726843e+11
2022-04-17,1.858765997e+11
2022-04-18,1.860143328e+11
2022-04-19,1.858050458e+11
2022-04-20,1.859908564e+11
2022-04-21,1.861356141e+11
2022-04-22,1.865508065e+11
2022-04-23,1.868842887e+11
2022-04-24,1.871195002e+11
2022-04-25,1.869635312e+11
2022-04-26,1.870158671e+11
2022-04-27,1.865382637e+11
2022-04-28,1.864590577e+11
2022-04-29,1.86357929e+11
2022-04-30,1.867931838e+11
2022-05-01,1.870592396e+11
2022-05-02,1.868615685e+11
2022-05-03,1.865917315e+11
2022-05-04,1.866573182e+11
2022-05-05,1.862208558e+11
2022-05-06,1.86443086e+11
2022-05-07,1.856593338e+11
2022-05-08,1.854443165e+11
2022-05-09,1.800039324e+11
2022-05-10,1.769775471e+11
2022-05-11,1.760218932e+11
2022-05-12,1.601113326e+11
2022-05-13,1.598595206e+11
2022-05-14,1.585640416e+11
2022-05-15,1.580088211e+11
2022-05-16,1.580640975e+11
2022-05-17,1.594132367e+11
2022-05-18,1.582631602e+11
2022-05-19,1.584991448e+11
2022-05-20,1.591564833e+11
2022-05-21,1.584176032e+11
2022-05-22,1.584759381e+11
2022-05-23,1.585784578e+11
2022-05-24,1.586702194e+11
2022-05-25,1.588270286e+11
2022-05-26,1.589694441e+11
2022-05-27,1.585941121e+11
2022-05-28,1.581412518e+11
2022-05-29,1.5831785e+11
2022-05-30,1.582101591e+11
2022-05-31,1.587313395e+11
2022-06-01,1.592967908e+11
2022-06-02,1.602641294e+11
2022-06-03,1.593879893e+11
2022-06-04,1.593782017e+11
2022-06-05,1.593184045e+11
2022-06-06,1.593292145e+11
2022-06-07,1.592243915e+11
2022-06-08,1.591074443e+11
2022-06-09,1.590780107e+11
2022-06-10,1.591468538e+11
2022-06-11,1.58697486e+11
2022-06-12,1.584167394e+11
2022-06-13,1.581397292e+11
2022-06-14,1.56870816e+11
2022-06-15,1.559356688e+11
2022-06-16,1.551430297e+11
2022-06-17,1.546436881e+11
2022-06-18,1.540958125e+11
2022-06-19,1.541800256e+11
2022-06-20,1.53950289e+11
2022-06-21,1.532968123e+11
2022-06-22,1.534146879e+11
2022-06-23,1.533834134e+11
2022-06-24,1.529872393e+11
2022-06-25,1.529902026e+11
2022-06-26,1.531993717e+11
2022-06-27,1.531934193e+11
2022-06-28,1.529622181e+11
2022-06-29,1.528937402e+11
2022-06-30,1.52787706e+11
2022-07-01,1.526635287e+11
2022-07-02,1.533845136e+11
2022-07-03,1.533483682e+11
2022-07-04,1.532246211e+11
2022-07-05,1.532609886e+11
2022-07-06,1.53295219e+11
2022-07-07,1.530460688e+11
2022-07-08,1.528029501e+11
2022-07-09,1.529536647e+11
2022-07-10,1.529739344e+11
2022-07-11,1.528654029e+11
2022-07-12,1.530335679e+11
2022-07-13,1.527306515e+11
2022-07-14,1.527358182e+11
2022-07-15,1.528093708e+11
2022-07-16,1.522581056e+11
2022-07-17,1.523173417e+11
2022-07-18,1.524120184e+11
2022-07-19,1.526607696e+11
2022-07-20,1.525705376e+11
2022-07-21,1.527647516e+11
2022-07-22,1.527121297e+11
2022-07-23,1.528436918e+11
2022-07-24,1.529481901e+11
2022-07-25,1.529324057e+11
2022-07-26,1.529078989e+11
2022-07-27,1.528296375e+11
2022-07-28,1.52905559e+11
2022-07-29,1.5271219e+11
2022-07-30,1.528281516e+11
2022-07-31,1.528339879e+11
2022-08-01,1.528330419e+11
2022-08-02,1.530971341e+11
2022-08-03,1.530305968e+11
2022-08-04,1.530201173e+11
2022-08-05,1.529406741e+11
2022-08-06,1.531053363e+11
2022-08-07,1.531384881e+11
2022-08-08,1.530561974e+11
2022-08-09,1.528217502e+11
2022-08-10,1.527506606e+11
2022-08-11,1.530336203e+11
2022-08-12,1.529819461e+11
2022-08-13,1.528152463e+11
2022-08-14,1.530521986e+11
2022-08-15,1.525364383e+11
2022-08-16,1.528418794e+11
2022-08-17,1.527241683e+11
2022-08-18,1.526905375e+11
2022-08-19,1.524709751e+11
2022-08-20,1.523673373e+11
2022-08-21,1.522823173e+11
2022-08-22,1.522347849e+11
2022-08-23,1.52034289e+11
2022-08-24,1.521585305e+11
2022-08-25,1.521944116e+11
2022-08-26,1.522049603e+11
2022-08-27,1.522929824e+11
2022-08-28,1.523613625e+11
2022-08-29,1.521403703e+11
2022-08-30,1.522758852e+11
2022-08-31,1.525990359e+11
2022-09-01,1.523896368e+11
2022-09-02,1.523149253e+11
2022-09-03,1.521207653e+11
2022-09-04,1.521427735e+11
2022-09-05,1.519997513e+11
2022-09-06,1.518965052e+11
2022-09-07,1.519100828e+11
2022-09-08,1.520117074e+11
2022-09-09,1.521630175e+11
2022-09-10,1.52272291e+11
2022-09-11,1.523954369e+11
2022-09-12,1.523855133e+11
2022-09-13,1.523308726e+11
2022-09-14,1.523450062e+11
2022-09-15,1.519772826e+11
2022-09-16,1.517464404e+11
2022-09-17,1.515936301e+11
2022-09-18,1.516721478e+11
2022-09-19,1.516122097e+11
2022-09-20,1.517604304e+11
2022-09-21,1.520155822e+11
2022-09-22,1.518639749e+11
2022-09-23,1.518649793e+11
2022-09-24,1.516618815e+11
2022-09-25,1.516204375e+11
2022-09-26,1.513405173e+11
2022-09-27,1.505977393e+11
2022-09-28,1.50487697e+11
2022-09-29,1.499886451e+11
2022-09-30,1.494996601e+11
2022-10-01,1.48247368e+11
2022-10-02,1.482558134e+11
2022-10-03,1.482856715e+11
2022-10-04,1.480654229e+11
2022-10-05,1.480285528e+11
2022-10-06,1.48098167e+11
2022-10-07,1.481393499e+11
2022-10-08,1.483050184e+11
2022-10-09,1.483162366e+11
2022-10-10,1.483003986e+11
2022-10-11,1.481029205e+11
2022-10-12,1.479958836e+11
2022-10-13,1.474855268e+11
2022-10-14,1.470601572e+11
2022-10-15,1.466432474e+11
2022-10-16,1.466286307e+11
2022-10-17,1.465559792e+11
2022-10-18,1.463619589e+11
2022-10-19,1.462675265e+11
2022-10-20,1.461781227e+11
2022-10-21,1.457724023e+11
2022-10-22,1.455726406e+11
2022-10-23,1.456323273e+11
2022-10-24,1.456656413e+11
2022-10-25,1.453400034e+11
2022-10-26,1.452200041e+11
2022-10-27,1.454067502e+11
2022-10-28,1.453293259e+11
2022-10-29,1.454404604e+11
2022-10-30,1.455447505e+11
2022-10-31,1.456396949e+11
2022-11-01,1.452183762e+11
2022-11-02,1.452403082e+11
2022-11-03,1.451053096e+11
2022-11-04,1.452394259e+11
2022-11-05,1.454148012e+11
2022-11-06,1.454612517e+11
2022-11-07,1.458205489e+11
2022-11-08,1.46804846e+11
2022-11-09,1.471000568e+11
2022-11-10,1.453405764e+11
2022-11-11,1.457624805e+11
2022-11-12,1.455965962e+11
2022-11-13,1.449253598e+11
2022-11-14,1.447567384e+11
2022-11-15,1.445821687e+11
2022-11-16,1.446293227e+11
2022-11-17,1.442103451e+11
2022-11-18,1.438486463e+11
2022-11-19,1.440382795e+11
2022-11-20,1.440688398e+11
2022-11-21,1.441024295e+11
2022-11-22,1.432508609e+11
2022-11-23,1.432499269e+11
2022-11-24,1.426112288e+11
2022-11-25,1.42860699e+11
2022-11-26,1.425615231e+11
2022-11-27,1.427384089e+11
2022-11-28,1.427326191e+11
2022-11-29,1.416890987e+11
2022-11-30,1.410607569e+11
2022-12-01,1.409114544e+11
2022-12-02,1.407458404e+11
2022-12-03,1.410068896e+11
2022-12-04,1.411761781e+11
2022-12-05,1.412809806e+11
2022-12-06,1.410313069e+11
2022-12-07,1.408926995e+11
2022-12-08,1.407283322e+11
2022-12-09,1.406652486e+11
2022-12-10,1.405874878e+11
2022-12-11,1.406341342e+11
2022-12-12,1.40748682e+11
2022-12-13,1.40396114e+11
2022-12-14,1.400084782e+11
2022-12-15,1.397965324e+11
2022-12-16,1.398270129e+11
2022-12-17,1.393677528e+11
2022-12-18,1.395387661e+11
2022-12-19,1.395610903e+11
2022-12-20,1.391971329e+11
2022-12-21,1.389350842e+11
2022-12-22,1.387094615e+11
2022-12-23,1.385664924e+11
2022-12-24,1.380662411e+11
2022-12-25,1.381123259e+11
2022-12-26,1.381195676e+11
2022-12-27,1.381027271e+11
2022-12-28,1.376341477e+11
2022-12-29,1.376742023e+11
2022-12-30,1.375859035e+11
2022-12-31,1.374570669e+11
2023-01-01,1.373547232e+11
2023-01-02,1.374549739e+11
2023-01-03,1.374420155e+11
2023-01-04,1.371105633e+11
2023-01-05,1.370628469e+11
2023-01-06,1.367721649e+11
2023-01-07,1.364590133e+11
2023-01-08,1.365964745e+11
2023-01-09,1.365750218e+11
2023-01-10,1.363262033e+11
2023-01-11,1.365063563e+11
2023-01-12,1.365728559e+11
2023-01-13,1.366719123e+11
2023-01-14,1.364202491e+11
2023-01-15,1.366120253e+11
2023-01-16,1.367871305e+11
2023-01-17,1.367101861e+11
2023-01-18,1.362546218e+11
2023-01-19,1.361365835e+11
2023-01-20,1.360882563e+11
2023-01-21,1.36280273e+11
2023-01-22,1.365625136e+11
2023-01-23,1.366589433e+11
2023-01-24,1.364967593e+11
2023-01-25,1.365180415e+11
2023-01-26,1.368069017e+11
2023-01-27,1.370165589e+11
2023-01-28,1.368449345e+11
2023-01-29,1.370017263e+11
2023-01-30,1.369542384e+11
2023-01-31,1.366222618e+11
2023-02-01,1.367010385e+11
2023-02-02,1.366480605e+11
2023-02-03,1.369201313e+11
2023-02-04,1.36640143e+11
2023-02-05,1.366640551e+11
2023-02-06,1.367086672e+11
2023-02-07,1.365966154e+11
2023-02-08,1.364407411e+11
2023-02-09,1.363120028e+11
2023-02-10,1.361740274e+11
2023-02-11,1.36181814e+11
2023-02-12,1.361762678e+11
2023-02-13,1.36121109e+11
2023-02-14,1.362334894e+11
2023-02-15,1.360888959e+11
2023-02-16,1.35703043e+11
2023-02-17,1.358331075e+11
2023-02-18,1.35770978e+11
2023-02-19,1.357885907e+11
2023-02-20,1.358386528e+11
2023-02-21,1.355040346e+11
2023-02-22,1.352729018e+11
2023-02-23,1.350120586e+11
2023-02-24,1.348710691e+11
2023-02-25,1.348550935e+11
2023-02-26,1.349764395e+11
2023-02-27,1.348977886e+11
2023-02-28,1.345980111e+11
2023-03-01,1.344556104e+11
2023-03-02,1.342869295e+11
2023-03-03,1.344621328e+11
2023-03-04,1.3448744e+11
2023-03-05,1.345780517e+11
2023-03-06,1.346460411e+11
2023-03-07,1.344429232e+11
2023-03-08,1.344661366e+11
2023-03-09,1.343646435e+11
2023-03-10,1.343714913e+11
2023-03-11,1.34015399e+11
2023-03-12,1.312348676e+11
2023-03-13,1.347680597e+11
2023-03-14,1.334386432e+11
2023-03-15,1.323211362e+11
2023-03-16,1.326794791e+11
2023-03-17,1.327740503e+11
2023-03-18,1.327555795e+11
2023-03-19,1.331367572e+11
2023-03-20,1.328661725e+11
2023-03-21,1.331711073e+11
2023-03-22,1.329928604e+11
2023-03-23,1.328230565e+11
2023-03-24,1.330099324e+11
2023-03-25,1.333149847e+11
2023-03-26,1.334410425e+11
2023-03-27,1.325848579e+11
2023-03-28,1.321696783e+11
2023-03-29,1.317981526e+11
2023-03-30,1.317447892e+11
2023-03-31,1.317273449e+11
2023-04-01,1.312150797e+11
2023-04-02,1.311426162e+11
2023-04-03,1.313679536e+11
2023-04-04,1.319197294e+11
2023-04-05,1.31285301e+11
2023-04-06,1.312214093e+11
2023-04-07,1.314325668e+11
2023-04-08,1.314443017e+11
2023-04-09,1.316345138e+11
2023-04-10,1.313224209e+11
2023-04-11,1.314287671e+11
2023-04-12,1.313677946e+11
2023-04-13,1.312928709e+11
2023-04-14,1.314085033e+11
2023-04-15,1.313570555e+11
2023-04-16,1.312473956e+11
2023-04-17,1.31166145e+11
2023-04-18,1.310503377e+11
2023-04-19,1.307827152e+11
2023-04-20,1.308156253e+11
2023-04-21,1.306429934e+11
2023-04-22,1.29430536e+11
2023-04-23,1.30306404e+11
2023-04-24,1.303406606e+11
2023-04-25,1.302711737e+11
2023-04-26,1.30106694e+11
2023-04-27,1.302691787e+11
2023-04-28,1.300734837e+11
2023-04-29,1.299574343e+11
2023-04-30,1.298981079e+11
2023-05-01,1.299333487e+11
2023-05-02,1.302749695e+11
2023-05-03,1.302970225e+11
2023-05-04,1.298827578e+11
2023-05-05,1.297621238e+11
2023-05-06,1.302601536e+11
2023-05-07,1.301818638e+11
2023-05-08,1.300150217e+11
2023-05-09,1.301029936e+11
2023-05-10,1.302302241e+11
2023-05-11,1.300811562e+11
2023-05-12,1.300042632e+11
2023-05-13,1.300441178e+11
2023-05-14,1.300175586e+11
2023-05-15,1.300132253e+11
2023-05-16,1.299248364e+11
2023-05-17,1.297469972e+11
2023-05-18,1.294781805e+11
2023-05-19,1.296047081e+11
2023-05-20,1.294778822e+11
2023-05-21,1.296025453e+11
2023-05-22,1.294962863e+11
2023-05-23,1.293790331e+11
2023-05-24,1.293099935e+11
2023-05-25,1.289141996e+11
2023-05-26,1.288880691e+11
2023-05-27,1.288802971e+11
2023-05-28,1.289122155e+11
2023-05-29,1.289608262e+11
2023-05-30,1.289451836e+11
2023-05-31,1.289010701e+11
2023-06-01,1.2885091e+11
2023-06-02,1.287765258e+11
2023-06-03,1.288121234e+11
2023-06-04,1.287260031e+11
2023-06-05,1.287686063e+11
2023-06-06,1.286342958e+11
2023-06-07,1.284876993e+11
2023-06-08,1.283601817e+11
2023-06-09,1.282796693e+11
2023-06-10,1.27790755e+11
2023-06-11,1.279261933e+11
2023-06-12,1.279840887e+11
2023-06-13,1.276977233e+11
2023-06-14,1.27559409e+11
2023-06-15,1.273368557e+11
2023-06-16,1.281369453e+11
2023-06-17,1.283258824e+11
2023-06-18,1.279888975e+11
2023-06-19,1.279856351e+11
2023-06-20,1.280996037e+11
2023-06-21,1.286475895e+11
2023-06-22,1.281640246e+11
2023-06-23,1.281522013e+11
2023-06-24,1.282060464e+11
2023-06-25,1.284886265e+11
2023-06-26,1.2826672e+11
2023-06-27,1.281993502e+11
2023-06-28,1.282538573e+11
2023-06-29,1.277625283e+11
2023-06-30,1.276961268e+11
2023-07-01,1.270883801e+11
2023-07-02,1.270668285e+11
2023-07-03,1.271106994e+11
2023-07-04,1.272978762e+11
2023-07-05,1.274206924e+11
2023-07-06,1.272530627e+11
2023-07-07,1.267939816e+11
2023-07-08,1.267903891e+11
2023-07-09,1.268126838e+11
2023-07-10,1.2670634e+11
2023-07-11,1.266135861e+11
2023-07-12,1.264623393e+11
2023-07-13,1.263296513e+11
2023-07-14,1.265983245e+11
2023-07-15,1.266148218e+11
2023-07-16,1.266629026e+11
2023-07-17,1.265812886e+11
2023-07-18,1.264212814e+11
2023-07-19,1.263612424e+11
2023-07-20,1.260870498e+11
2023-07-21,1.260460639e+11
2023-07-22,1.258930218e+11
2023-07-23,1.258918299e+11
2023-07-24,1.257926595e+11
2023-07-25,1.255992102e+11
2023-07-26,1.255130249e+11
2023-07-27,1.25490997e+11
2023-07-28,1.253204168e+11
2023-07-29,1.251581448e+11
2023-07-30,1.254003469e+11
2023-07-31,1.252758699e+11
2023-08-01,1.25210741e+11
2023-08-02,1.249913224e+11
2023-08-03,1.248190449e+11
2023-08-04,1.245673967e+11
2023-08-05,1.243139633e+11
2023-08-06,1.243483469e+11
2023-08-07,1.243018716e+11
2023-08-08,1.241622146e+11
2023-08-09,1.243846017e+11
2023-08-10,1.242855076e+11
2023-08-11,1.240303726e+11
2023-08-12,1.239310099e+11
2023-08-13,1.240423238e+11
2023-08-14,1.24075359e+11
2023-08-15,1.236277479e+11
2023-08-16,1.233353048e+11
2023-08-17,1.230305722e+11
2023-08-18,1.230122427e+11
2023-08-19,1.226605409e+11
2023-08-20,1.228776455e+11
2023-08-21,1.229973392e+11
2023-08-22,1.240565044e+11
2023-08-23,1.239516601e+11
2023-08-24,1.239917201e+11
2023-08-25,1.240560233e+11
2023-08-26,1.241000561e+11
2023-08-27,1.241123264e+11
2023-08-28,1.242240266e+11
2023-08-29,1.242827631e+11
2023-08-30,1.247162608e+11
2023-08-31,1.248423453e+11
2023-09-01,1.248574227e+11
2023-09-02,1.248513967e+11
2023-09-03,1.248448824e+11
2023-09-04,1.248813842e+11
2023-09-05,1.246215374e+11
2023-09-06,1.241647537e+11
2023-09-07,1.239792264e+11
2023-09-08,1.237551318e+11
2023-09-09,1.238790245e+11
2023-09-10,1.239496833e+11
2023-09-11,1.241189738e+11
2023-09-12,1.238885985e+11
2023-09-13,1.240311595e+11
2023-09-14,1.240450532e+11
2023-09-15,1.240168896e+11
2023-09-16,1.238880492e+11
2023-09-17,1.239856044e+11
2023-09-18,1.240114062e+11
2023-09-19,1.239524755e+11
2023-09-20,1.240737511e+11
2023-09-21,1.240622747e+11
2023-09-22,1.239921251e+11
2023-09-23,1.240718217e+11
2023-09-24,1.240843796e+11
2023-09-25,1.241298569e+11
2023-09-26,1.239133144e+11
2023-09-27,1.237800629e+11
2023-09-28,1.237027806e+11
2023-09-29,1.238887589e+11
2023-09-30,1.234447643e+11
2023-10-01,1.235590962e+11
2023-10-02,1.235900965e+11
2023-10-03,1.237665917e+11
2023-10-04,1.236133795e+11
2023-10-05,1.234795836e+11
2023-10-06,1.236556567e+11
2023-10-07,1.239153458e+11
2023-10-08,1.239034153e+11
2023-10-09,1.239687082e+11
2023-10-10,1.240197824e+11
2023-10-11,1.237156828e+11
2023-10-12,1.234921779e+11
2023-10-13,1.232793827e+11
2023-10-14,1.232744636e+11
2023-10-15,1.233267628e+11
2023-10-16,1.23394961e+11
2023-10-17,1.234542815e+11
2023-10-18,1.236484738e+11
2023-10-19,1.238675592e+11
2023-10-20,1.244625504e+11
2023-10-21,1.24375034e+11
2023-10-22,1.243465428e+11
2023-10-23,1.243095879e+11
2023-10-24,1.246018849e+11
2023-10-25,1.238338808e+11
2023-10-26,1.242336273e+11
2023-10-27,1.24227611e+11
2023-10-28,1.240559676e+11
2023-10-29,1.240685821e+11
2023-10-30,1.241901507e+11
2023-10-31,1.240084686e+11
2023-11-01,1.239058322e+11
2023-11-02,1.241712162e+11
2023-11-03,1.240561988e+11
2023-11-04,1.244318623e+11
2023-11-05,1.245836485e+11
2023-11-06,1.246496017e+11
2023-11-07,1.246903454e+11
2023-11-08,1.250258637e+11
2023-11-09,1.249781273e+11
2023-11-10,1.251138117e+11
2023-11-11,1.254053503e+11
2023-11-12,1.254699067e+11
2023-11-13,1.254828707e+11
2023-11-14,1.256426669e+11
2023-11-15,1.254942526e+11
2023-11-16,1.25824738e+11
2023-11-17,1.261499749e+11
2023-11-18,1.263381016e+11
2023-11-19,1.264986832e+11
2023-11-20,1.264862727e+11
2023-11-21,1.269537451e+11
2023-11-22,1.270429382e+11
2023-11-23,1.270688958e+11
2023-11-24,1.270594185e+11
2023-11-25,1.276896554e+11
2023-11-26,1.276701992e+11
2023-11-27,1.276402053e+11
2023-11-28,1.274855527e+11
2023-11-29,1.277724742e+11
2023-11-30,1.278527191e+11
2023-12-01,1.279480932e+11
2023-12-02,1.281102233e+11
2023-12-03,1.28174741e+11
2023-12-04,1.282960811e+11
2023-12-05,1.28103483e+11
2023-12-06,1.283820592e+11
2023-12-07,1.284092303e+11
2023-12-08,1.283937168e+11
2023-12-09,1.285758631e+11
2023-12-10,1.288999474e+11
2023-12-11,1.288695968e+11
2023-12-12,1.286699147e+11
2023-12-13,1.280306938e+11
2023-12-14,1.284517631e+11
2023-12-15,1.28634832e+11
2023-12-16,1.288829358e+11
2023-12-17,1.29041436e+11
2023-12-18,1.289928303e+11
2023-12-19,1.289487377e+11
2023-12-20,1.294004632e+11
2023-12-21,1.297462032e+11
2023-12-22,1.297280016e+11
2023-12-23,1.300734966e+11
2023-12-24,1.302417878e+11
2023-12-25,1.301822191e+11
2023-12-26,1.301421443e+11
2023-12-27,1.298319285e+11
2023-12-28,1.302835452e+11
2023-12-29,1.301029468e+11
2023-12-30,1.301989058e+11
2023-12-31,1.30100874e+11
2024-01-01,1.298354653e+11
2024-01-02,1.303595433e+11
2024-01-03,1.304955875e+11
2024-01-04,1.310344e+11
2024-01-05,1.317216015e+11
2024-01-06,1.3213685e+11
2024-01-07,1.325155567e+11
2024-01-08,1.324426424e+11
2024-01-09,1.327220377e+11
2024-01-10,1.326930555e+11
2024-01-11,1.331486765e+11
2024-01-12,1.334675066e+11
2024-01-13,1.328227712e+11
2024-01-14,1.334586263e+11
2024-01-15,1.336183773e+11
2024-01-16,1.33303796e+11
2024-01-17,1.332781383e+11
2024-01-18,1.338131392e+11
2024-01-19,1.331871463e+11
2024-01-20,1.333577552e+11
2024-01-21,1.335760688e+11
2024-01-22,1.332981513e+11
2024-01-23,1.334452478e+11
2024-01-24,1.34239664e+11
2024-01-25,1.340717877e+11
2024-01-26,1.342590498e+11
2024-01-27,1.344804703e+11
2024-01-28,1.345531922e+11
2024-01-29,1.346148947e+11
2024-01-30,1.349372586e+11
2024-01-31,1.347501177e+11
2024-02-01,1.347865194e+11
2024-02-02,1.351577231e+11
2024-02-03,1.351324921e+11
2024-02-04,1.350904147e+11
2024-02-05,1.35168564e+11
2024-02-06,1.350127524e+11
2024-02-07,1.353517069e+11
2024-02-08,1.35667631e+11
2024-02-09,1.359667747e+11
2024-02-10,1.361925932e+11
2024-02-11,1.364635141e+11
2024-02-12,1.366889441e+11
2024-02-13,1.362843792e+11
2024-02-14,1.364709636e+11
2024-02-15,1.374310953e+11
2024-02-16,1.372626575e+11
2024-02-17,1.376191791e+11
2024-02-18,1.378103752e+11
2024-02-19,1.377062076e+11
2024-02-20,1.377097509e+11
2024-02-21,1.378075039e+11
2024-02-22,1.37841063e+11
2024-02-23,1.38199152e+11
2024-02-24,1.388210664e+11
2024-02-25,1.385814674e+11
2024-02-26,1.386936035e+11
2024-02-27,1.391480056e+11
2024-02-28,1.397221582e+11
2024-02-29,1.401970453e+11
2024-03-01,1.407494493e+11
2024-03-02,1.413048511e+11
2024-03-03,1.413942276e+11
2024-03-04,1.417922546e+11
2024-03-05,1.419995855e+11
2024-03-06,1.421647159e+11
2024-03-07,1.424876691e+11
2024-03-08,1.430052619e+11
2024-03-09,1.44209743e+11
2024-03-10,1.445083637e+11
2024-03-11,1.447369145e+11
2024-03-12,1.454779047e+11
2024-03-13,1.457329443e+11
2024-03-14,1.465365701e+11
2024-03-15,1.468073686e+11
2024-03-16,1.467228497e+11
2024-03-17,1.468551932e+11
2024-03-18,1.465290015e+11
2024-03-19,1.472346725e+11
2024-03-20,1.476231476e+11
2024-03-21,1.471436841e+11
2024-03-22,1.477076343e+11
2024-03-23,1.477526736e+11
2024-03-24,1.480850404e+11
2024-03-25,1.47906938e+11
2024-03-26,1.492329295e+11
2024-03-27,1.495284907e+11
2024-03-28,1.494870168e+11
2024-03-29,1.497324673e+11
2024-03-30,1.499392868e+11
2024-03-31,1.501714094e+11
2024-04-01,1.499069957e+11
2024-04-02,1.503304386e+11
2024-04-03,1.509815232e+11
2024-04-04,1.523636687e+11
2024-04-05,1.532392166e+11
2024-04-06,1.543399435e+11
2024-04-07,1.543675714e+11
2024-04-08,1.541435429e+11
2024-04-09,1.541722333e+11
2024-04-10,1.539666433e+11
2024-04-11,1.536759181e+11
2024-04-12,1.542730553e+11
2024-04-13,1.544793688e+11
2024-04-14,1.55090998e+11
2024-04-15,1.55118347e+11
2024-04-16,1.556648487e+11
2024-04-17,1.566568857e+11
2024-04-18,1.543643865e+11
2024-04-19,1.576009947e+11
2024-04-20,1.562768576e+11
2024-04-21,1.563929083e+11
2024-04-22,1.585703948e+11
2024-04-23,1.591151998e+11
2024-04-24,1.590583337e+11
2024-04-25,1.595991428e+11
2024-04-26,1.596399186e+11
2024-04-27,1.594310763e+11
2024-04-28,1.596061569e+11
2024-04-29,1.595996842e+11
2024-04-30,1.593220797e+11
2024-05-01,1.594819968e+11
2024-05-02,1.591185215e+11
2024-05-03,1.592536945e+11
2024-05-04,1.598944141e+11
2024-05-05,1.601938532e+11
2024-05-06,1.601789985e+11
2024-05-07,1.601258362e+11
2024-05-08,1.598684279e+11
2024-05-09,1.597606756e+11
2024-05-10,1.598056428e+11
2024-05-11,1.595969768e+11
2024-05-12,1.597282649e+11
2024-05-13,1.59685208e+11
2024-05-14,1.597767382e+11
2024-05-15,1.595567543e+11
2024-05-16,1.601239977e+11
2024-05-17,1.602671106e+11
2024-05-18,1.605157606e+11
2024-05-19,1.60852465e+11
2024-05-20,1.608068722e+11
2024-05-21,1.605109179e+11
2024-05-22,1.605850112e+11
2024-05-23,1.606355441e+11
2024-05-24,1.604501606e+11
2024-05-25,1.608092245e+11
2024-05-26,1.60811335e+11
2024-05-27,1.605148147e+11
2024-05-28,1.604295603e+11
2024-05-29,1.601750046e+11
2024-05-30,1.598398029e+11
2024-05-31,1.602507954e+11
2024-06-01,1.603725777e+11
2024-06-02,1.604267357e+11
2024-06-03,1.602037994e+11
2024-06-04,1.605310481e+11
2024-06-05,1.608153498e+11
2024-06-06,1.610051427e+11
2024-06-07,1.611535668e+11
2024-06-08,1.614777429e+11
2024-06-09,1.615236513e+11
2024-06-10,1.615768283e+11
2024-06-11,1.612501691e+11
2024-06-12,1.610736003e+11
2024-06-13,1.613334468e+11
2024-06-14,1.614243142e+11
2024-06-15,1.614816598e+11
2024-06-16,1.612120161e+11
2024-06-17,1.613049902e+11
2024-06-18,1.611411605e+11
2024-06-19,1.615922338e+11
2024-06-20,1.613818545e+11
2024-06-21,1.614826645e+11
2024-06-22,1.617571708e+11
2024-06-23,1.617746372e+11
2024-06-24,1.614882331e+11
2024-06-25,1.614326647e+11
2024-06-26,1.614657257e+11
2024-06-27,1.615073296e+11
2024-06-28,1.614120522e+11
2024-06-29,1.611672542e+11
2024-06-30,1.611476317e+11
2024-07-01,1.609054468e+11
2024-07-02,1.611124925e+11
2024-07-03,1.610265707e+11
2024-07-04,1.610902706e+11
2024-07-05,1.614158705e+11
2024-07-06,1.617798011e+11
2024-07-07,1.618519303e+11
2024-07-08,1.618732439e+11
2024-07-09,1.618794355e+11
2024-07-10,1.621799076e+11
2024-07-11,1.626337839e+11
2024-07-12,1.626037318e+11
2024-07-13,1.623135764e+11
2024-07-14,1.625924436e+11
2024-07-15,1.629916209e+11
2024-07-16,1.630641806e+11
2024-07-17,1.633542659e+11
2024-07-18,1.635294118e+11
2024-07-19,1.635173748e+11
2024-07-20,1.644685867e+11
2024-07-21,1.644716742e+11
2024-07-22,1.644650122e+11
2024-07-23,1.645754243e+11
2024-07-24,1.647966172e+11
2024-07-25,1.646261765e+11
2024-07-26,1.641786266e+11
2024-07-27,1.644151499e+11
2024-07-28,1.64588218e+11
2024-07-29,1.645668607e+11
2024-07-30,1.642080157e+11
2024-07-31,1.641633621e+11
2024-08-01,1.641089921e+11
2024-08-02,1.63709173e+11
2024-08-03,1.638225069e+11
2024-08-04,1.638971421e+11
2024-08-05,1.640455883e+11
2024-08-06,1.64126075e+11
2024-08-07,1.64601428e+11
2024-08-08,1.662287045e+11
2024-08-09,1.658608129e+11
2024-08-10,1.660822996e+11
2024-08-11,1.65692723e+11
2024-08-12,1.661146769e+11
2024-08-13,1.664878487e+11
2024-08-14,1.668232638e+11
2024-08-15,1.674593848e+11
2024-08-16,1.676881701e+11
2024-08-17,1.682915372e+11
2024-08-18,1.683828245e+11
2024-08-19,1.683659493e+11
2024-08-20,1.683390207e+11
2024-08-21,1.68771403e+11
2024-08-22,1.69040405e+11
2024-08-23,1.691798277e+11
2024-08-24,1.698005723e+11
2024-08-25,1.701484251e+11
2024-08-26,1.701302982e+11
2024-08-27,1.69872385e+11
2024-08-28,1.698078247e+11
2024-08-29,1.700323212e+11
2024-08-30,1.702514644e+11
2024-08-31,1.701654719e+11
2024-09-01,1.698639365e+11
2024-09-02,1.703353963e+11
2024-09-03,1.702008406e+11
2024-09-04,1.698272025e+11
2024-09-05,1.701498794e+11
2024-09-06,1.698589009e+11
2024-09-07,1.69820697e+11
2024-09-08,1.700792771e+11
2024-09-09,1.700493831e+11
2024-09-10,1.707227582e+11
2024-09-11,1.705901929e+11
2024-09-12,1.706028425e+11
2024-09-13,1.703781888e+11
2024-09-14,1.71143203e+11
2024-09-15,1.71819569e+11
2024-09-16,1.714710776e+11
2024-09-17,1.711082789e+11
2024-09-18,1.717076e+11
2024-09-19,1.719344537e+11
2024-09-20,1.718335617e+11
2024-09-21,1.724117571e+11
2024-09-22,1.726543016e+11
2024-09-23,1.725651649e+11
2024-09-24,1.72461032e+11
2024-09-25,1.724956025e+11
2024-09-26,1.727204497e+11
2024-09-27,1.731691869e+11
2024-09-28,1.729120606e+11
2024-09-29,1.729379444e+11
2024-09-30,1.729269302e+11
2024-10-01,1.722814274e+11
2024-10-02,1.726926083e+11
2024-10-03,1.728179609e+11
2024-10-04,1.72682863e+11
2024-10-05,1.727182551e+11
2024-10-06,1.735009361e+11
2024-10-07,1.722793397e+11
2024-10-08,1.728577185e+11
2024-10-09,1.729420569e+11
2024-10-10,1.729804644e+11
2024-10-11,1.726006578e+11
2024-10-12,1.729730554e+11
2024-10-13,1.73251668e+11
2024-10-14,1.735670765e+11
2024-10-15,1.728524126e+11
2024-10-16,1.729082448e+11
2024-10-17,1.726076017e+11
2024-10-18,1.725799e+11
2024-10-19,1.728976872e+11
2024-10-20,1.729206612e+11
2024-10-21,1.72817499e+11
2024-10-22,1.730012976e+11
2024-10-23,1.728719201e+11
2024-10-24,1.723614851e+11
2024-10-25,1.71725392e+11
2024-10-26,1.725995782e+11
2024-10-27,1.726803215e+11
2024-10-28,1.731050119e+11
2024-10-29,1.723436854e+11
2024-10-30,1.729480915e+11
2024-10-31,1.732022089e+11
2024-11-01,1.726361795e+11
2024-11-02,1.730899986e+11
2024-11-03,1.731602412e+11
2024-11-04,1.734582419e+11
2024-11-05,1.74869398e+11
2024-11-06,1.750006363e+11
2024-11-07,1.767544636e+11
2024-11-08,1.774799757e+11
2024-11-09,1.786456046e+11
2024-11-10,1.786704221e+11
2024-11-11,1.799348951e+11
2024-11-12,1.805697728e+11
2024-11-13,1.807422475e+11
2024-11-14,1.81789144e+11
2024-11-15,1.840368703e+11
2024-11-16,1.84237476e+11
2024-11-17,1.845907111e+11
2024-11-18,1.850245355e+11
2024-11-19,1.852594801e+11
2024-11-20,1.859338861e+11
2024-11-21,1.877419189e+11
2024-11-22,1.885687063e+11
2024-11-23,1.904806247e+11
2024-11-24,1.922695681e+11
2024-11-25,1.926122959e+11
2024-11-26,1.915198276e+11
2024-11-27,1.918866612e+11
2024-11-28,1.93474934e+11
2024-11-29,1.943980428e+11
2024-11-30,1.951541299e+11
2024-12-01,1.932650876e+11
2024-12-02,1.935424966e+11
2024-12-03,1.944776749e+11
2024-12-04,1.948216672e+11
2024-12-05,1.961372865e+11
2024-12-06,1.967157352e+11
2024-12-07,1.978579933e+11
2024-12-08,1.982954836e+11
2024-12-09,1.991877338e+11
2024-12-10,1.992559928e+11
2024-12-11,1.996519897e+11
2024-12-12,2.018921682e+11
2024-12-13,2.023760179e+11
2024-12-14,2.032782647e+11
2024-12-15,2.035572831e+11
2024-12-16,2.036531643e+11
2024-12-17,2.041588196e+11
2024-12-18,2.043553807e+11
2024-12-19,2.045831818e+11
2024-12-20,2.050877061e+11
2024-12-21,2.051465536e+11
2024-12-22,2.051908698e+11
2024-12-23,2.058617261e+11
2024-12-24,2.053689478e+11
2024-12-25,2.057945049e+11
2024-12-26,2.060644011e+11
2024-12-27,2.065605804e+11
2024-12-28,2.068275826e+11
2024-12-29,2.06597762e+11
2024-12-30,2.06134399e+11
2024-12-31,2.054472557e+11
2025-01-01,2.048004066e+11
2025-01-02,2.043525612e+11
2025-01-03,2.062708758e+11
2025-01-04,2.080076934e+11
2025-01-05,2.079634495e+11
2025-01-06,2.079078949e+11
2025-01-07,2.081778406e+11
2025-01-08,2.076429436e+11
2025-01-09,2.077453422e+11
2025-01-10,2.074871914e+11
2025-01-11,2.076658391e+11
2025-01-12,2.075591541e+11
2025-01-13,2.078609839e+11
2025-01-14,2.0777899e+11
2025-01-15,2.080766435e+11
2025-01-16,2.089331185e+11
2025-01-17,2.091493917e+11
2025-01-18,2.108674486e+11
2025-01-19,2.108437487e+11
2025-01-20,2.112150491e+11
2025-01-21,2.112683218e+11
2025-01-22,2.13986101e+11
2025-01-23,2.152913389e+11
2025-01-24,2.160404589e+11
2025-01-25,2.166547899e+11
2025-01-26,2.166933078e+11
2025-01-27,2.166554649e+11
2025-01-28,2.168673389e+11
2025-01-29,2.173243213e+11
2025-01-30,2.175353437e+11
2025-01-31,2.181949493e+11
2025-02-01,2.183936869e+11
2025-02-02,2.184766996e+11
2025-02-03,2.185259629e+11
2025-02-04,2.193055615e+11
2025-02-05,2.219825172e+11
2025-02-06,2.23305049e+11
2025-02-07,2.237495146e+11
2025-02-08,2.248811939e+11
2025-02-09,2.249628178e+11
2025-02-10,2.251018618e+11
2025-02-11,2.252712312e+11
2025-02-12,2.253124035e+11
2025-02-13,2.255519776e+11
2025-02-14,2.257330955e+11
2025-02-15,2.260560148e+11
2025-02-16,2.261990996e+11
2025-02-17,2.2641884e+11
2025-02-18,2.261422532e+11
2025-02-19,2.260517354e+11
2025-02-20,2.268628307e+11
2025-02-21,2.267773882e+11
2025-02-22,2.274736643e+11
2025-02-23,2.272521733e+11
2025-02-24,2.274026912e+11
2025-02-25,2.268005634e+11
2025-02-26,2.256859679e+11
2025-02-27,2.251040286e+11
2025-02-28,2.2508796e+11
2025-03-01,2.259611512e+11
2025-03-02,2.252504486e+11
2025-03-03,2.252304803e+11
2025-03-04,2.253670263e+11
2025-03-05,2.259118558e+11
2025-03-06,2.26907419e+11
2025-03-07,2.269892774e+11
2025-03-08,2.280843075e+11
2025-03-09,2.281697971e+11
2025-03-10,2.280573756e+11
2025-03-11,2.276670143e+11
2025-03-12,2.284447402e+11
2025-03-13,2.288353179e+11
2025-03-14,2.290263333e+11
2025-03-15,2.298093011e+11
2025-03-16,2.299532052e+11
2025-03-17,2.29914464e+11
2025-03-18,2.30102891e+11
2025-03-19,2.304301721e+11
2025-03-20,2.310144032e+11
2025-03-21,2.308950477e+11
2025-03-22,2.316809103e+11
2025-03-23,2.326273926e+11
2025-03-24,2.329786958e+11
2025-03-25,2.33992652e+11
2025-03-26,2.350965137e+11
2025-03-27,2.352284672e+11
2025-03-28,2.345918496e+11
2025-03-29,2.340138305e+11
2025-03-30,2.342545978e+11
2025-03-31,2.342037401e+11
2025-04-01,2.344029716e+11
2025-04-02,2.346127129e+11
2025-04-03,2.350080764e+11
2025-04-04,2.351391306e+11
2025-04-05,2.346502429e+11
2025-04-06,2.343495567e+11
2025-04-07,2.338953962e+11
2025-04-08,2.335129232e+11
2025-04-09,2.331346052e+11
2025-04-10,2.332538318e+11
2025-04-11,2.330972122e+11
2025-04-12,2.329667461e+11
2025-04-13,2.333282721e+11
2025-04-14,2.331264769e+11
2025-04-15,2.330866719e+11
2025-04-16,2.335336173e+11
2025-04-17,2.337092187e+11
2025-04-18,2.342244039e+11
2025-04-19,2.336904027e+11
2025-04-20,2.337404827e+11
2025-04-21,2.339183254e+11
2025-04-22,2.340872327e+11
2025-04-23,2.352885866e+11
2025-04-24,2.358105792e+11
2025-04-25,2.368653131e+11
2025-04-26,2.374910585e+11
2025-04-27,2.381240022e+11
2025-04-28,2.38843526e+11
2025-04-29,2.395427217e+11
2025-04-30,2.410107803e+11
2025-05-01,2.412733967e+11
2025-05-02,2.414255416e+11
2025-05-03,2.418404359e+11
2025-05-04,2.422146696e+11
2025-05-05,2.421803052e+11
2025-05-06,2.420609874e+11
2025-05-07,2.412865436e+11
2025-05-08,2.414245382e+11
2025-05-09,2.420617402e+11
2025-05-10,2.419440457e+11
2025-05-11,2.421630365e+11
2025-05-12,2.421707803e+11
2025-05-13,2.41631142e+11
2025-05-14,2.41484511e+11
2025-05-15,2.418975057e+11
2025-05-16,2.424574147e+11
2025-05-17,2.430000498e+11
2025-05-18,2.430578137e+11
2025-05-19,2.432050626e+11
2025-05-20,2.43143209e+11
2025-05-21,2.434638166e+11
2025-05-22,2.444885654e+11
2025-05-23,2.450095257e+11
2025-05-24,2.453325882e+11
2025-05-25,2.456268425e+11
2025-05-26,2.456362951e+11
2025-05-27,2.45875808e+11
2025-05-28,2.456500156e+11
2025-05-29,2.456461599e+11
2025-05-30,2.458233454e+11
2025-05-31,2.459785763e+11
2025-06-01,2.46104995e+11
2025-06-02,2.463574028e+11
2025-06-03,2.469896815e+11
2025-06-04,2.476769379e+11
2025-06-05,2.480833552e+11
2025-06-06,2.478716316e+11
2025-06-07,2.485371915e+11
2025-06-08,2.488741757e+11
2025-06-09,2.488878383e+11
2025-06-10,2.492382603e+11
2025-06-11,2.489795578e+11
2025-06-12,2.495418799e+11
2025-06-13,2.494946253e+11
2025-06-14,2.50301253e+11
2025-06-15,2.502218025e+11
2025-06-16,2.501687775e+11
2025-06-17,2.50078565e+11
2025-06-18,2.502585145e+11
2025-06-19,2.502935626e+11
2025-06-20,2.501829389e+11
2025-06-21,2.499672513e+11
2025-06-22,2.499561068e+11
2025-06-23,2.501342934e+11
2025-06-24,2.495844597e+11
2025-06-25,2.513523202e+11
2025-06-26,2.511756145e+11
2025-06-27,2.513418518e+11
2025-06-28,2.516581724e+11
2025-06-29,2.5198604e+11
2025-06-30,2.51981259e+11
2025-07-01,2.522540424e+11
2025-07-02,2.525180885e+11
2025-07-03,2.529160108e+11
2025-07-04,2.532217926e+11
2025-07-05,2.533735384e+11
2025-07-06,2.536019869e+11
2025-07-07,2.536326024e+11
2025-07-08,2.538095598e+11
2025-07-09,2.537407835e+11
2025-07-10,2.542066388e+11
2025-07-11,2.553560004e+11
2025-07-12,2.563096381e+11
2025-07-13,2.565815786e+11
2025-07-14,2.5673878e+11
2025-07-15,2.563794468e+11
2025-07-16,2.553549749e+11
2025-07-17,2.580490405e+11
2025-07-18,2.588502716e+11
2025-07-19,2.593126301e+11
2025-07-20,2.596668377e+11
2025-07-21,2.600435739e+11
2025-07-22,2.60496616e+11
2025-07-23,2.609841419e+11
2025-07-24,2.619931489e+11
2025-07-25,2.63136954e+11
2025-07-26,2.629370495e+11
2025-07-27,2.635469341e+11
2025-07-28,2.639013902e+11
2025-07-29,2.638617296e+11
2025-07-30,2.639160951e+11
2025-07-31,2.645577354e+11
2025-08-01,2.650928237e+11
2025-08-02,2.653574459e+11
2025-08-03,2.653639566e+11
2025-08-04,2.659194804e+11
2025-08-05,2.664129387e+11
2025-08-06,2.665651557e+11
2025-08-07,2.666891165e+11
2025-08-08,2.676198402e+11
2025-08-09,2.682144854e+11
2025-08-10,2.689371375e+11
2025-08-11,2.683163445e+11
2025-08-12,2.690500469e+11
2025-08-13,2.699161036e+11
2025-08-14,2.71559868e+11
2025-08-15,2.732078266e+11
2025-08-16,2.747279414e+11
2025-08-17,2.746853e+11
2025-08-18,2.755035501e+11
2025-08-19,2.755250874e+11
2025-08-20,2.754832387e+11
2025-08-21,2.758851232e+11
2025-08-22,2.747668421e+11
2025-08-23,2.746705935e+11
2025-08-24,2.760104361e+11
2025-08-25,2.760812527e+11
2025-08-26,2.779365845e+11
2025-08-27,2.782146051e+11
2025-08-28,2.787554097e+11
2025-08-29,2.8112697e+11
2025-08-30,2.813001699e+11
2025-08-31,2.81662425e+11
2025-09-01,2.824043713e+11
2025-09-02,2.824023236e+11
2025-09-03,2.815544373e+11
2025-09-04,2.83410272e+11
2025-09-05,2.86035823e+11
2025-09-06,2.844824372e+11
2025-09-07,2.845428975e+11
2025-09-08,2.843096005e+11
2025-09-09,2.844702581e+11
2025-09-10,2.849713871e+11
2025-09-11,2.85084724e+11
2025-09-12,2.858788105e+11
2025-09-13,2.872598931e+11
2025-09-14,2.879717367e+11
2025-09-15,2.880003839e+11
2025-09-16,2.883056198e+11
2025-09-17,2.891030985e+11
2025-09-18,2.892981795e+11
2025-09-19,2.904153235e+11
2025-09-20,2.912041371e+11
2025-09-21,2.914135589e+11
2025-09-22,2.914092847e+11
2025-09-23,2.922840201e+11
2025-09-24,2.931106556e+11
2025-09-25,2.939091646e+11
2025-09-26,2.940647758e+11
2025-09-27,2.948023552e+11
2025-09-28,2.949998084e+11
2025-09-29,2.952390007e+11
2025-09-30,2.960515268e+11
2025-10-01,2.974746003e+11
2025-10-02,2.983753172e+11
2025-10-03,2.995590774e+11
2025-10-04,3.01086295e+11
2025-10-05,3.016133691e+11
2025-10-06,3.01147575e+11
2025-10-07,3.018210098e+11
2025-10-08,3.026145286e+11
2025-10-09,3.026308485e+11
2025-10-10,3.028528729e+11
2025-10-11,3.031810261e+11
2025-10-12,3.027426513e+11
2025-10-13,3.027992334e+11
2025-10-14,3.036861859e+11
2025-10-15,3.049189554e+11
2025-10-16,3.057343784e+11
2025-10-17,3.058033818e+11
2025-10-18,3.060738806e+11
2025-10-19,3.060996789e+11
2025-10-20,3.063753182e+11
2025-10-21,3.063343001e+11
2025-10-22,3.073678937e+11
2025-10-23,3.067716634e+11
2025-10-24,3.069669109e+11
2025-10-25,3.075912382e+11
2025-10-26,3.073505584e+11
2025-10-27,3.072092475e+11
2025-10-28,3.068582778e+11
2025-10-29,3.07040344e+11
2025-10-30,3.06317157e+11
2025-10-31,3.059360396e+11
2025-11-01,3.059643966e+11
2025-11-02,3.061166861e+11
2025-11-03,3.058635056e+11
2025-11-04,3.058135446e+11
2025-11-05,3.046411299e+11
2025-11-06,3.044792458e+11
2025-11-07,3.038289881e+11
2025-11-08,3.041753309e+11
2025-11-09,3.036384358e+11
2025-11-10,3.03579849e+11
2025-11-11,3.037910322e+11
2025-11-12,3.04155849e+11
2025-11-13,3.041955592e+11
2025-11-14,3.03652705e+11
2025-11-15,3.029704743e+11
2025-11-16,3.028501262e+11
2025-11-17,3.02507859e+11
2025-11-18,3.021354715e+11
2025-11-19,3.019958702e+11
2025-11-20,3.017752699e+11
2025-11-21,3.017184826e+11
2025-11-22,3.014370812e+11
2025-11-23,3.01617941e+11
2025-11-24,3.013765764e+11
2025-11-25,3.026898623e+11
2025-11-26,3.032539211e+11
2025-11-27,3.040782707e+11
2025-11-28,3.045039477e+11
2025-11-29,3.050615235e+11
2025-11-30,3.052254354e+11
2025-12-01,3.049172993e+11
2025-12-02,3.057666578e+11
2025-12-03,3.065502271e+11
2025-12-04,3.065015945e+11
2025-12-05,3.070133956e+11
2025-12-06,3.072164618e+11
2025-12-07,3.071708724e+11
2025-12-08,3.073654328e+11
2025-12-09,3.077183148e+11
2025-12-10,3.078785962e+11
2025-12-11,3.079795989e+11
2025-12-12,3.089516649e+11
2025-12-13,3.090280897e+11
2025-12-14,3.089093285e+11
2025-12-15,3.0860946e+11
2025-12-16,3.083958607e+11
2025-12-17,3.083854078e+11
2025-12-18,3.083165527e+11
2025-12-19,3.077682124e+11
2025-12-20,3.082598743e+11
2025-12-21,3.093316984e+11
2025-12-22,3.081004829e+11
2025-12-23,3.081895657e+11
2025-12-24,3.077975052e+11
2025-12-25,3.07292228e+11
2025-12-26,3.074618168e+11
2025-12-27,3.073926689e+11
2025-12-28,3.072719051e+11
2025-12-29,3.071165078e+11
2025-12-30,3.069978595e+11
2025-12-31,3.066615295e+11
2026-01-01,3.05918486e+11
2026-01-02,3.059477383e+11
2026-01-03,3.067286618e+11
2026-01-04,3.066257691e+11
2026-01-05,3.06966276e+11
2026-01-06,3.075162391e+11
2026-01-07,3.070930525e+11
2026-01-08,3.068357415e+11
2026-01-09,3.064783335e+11
2026-01-10,3.067965997e+11
2026-01-11,3.066575702e+11
2026-01-12,3.066577259e+11
2026-01-13,3.06118861e+11
2026-01-14,3.076339298e+11
2026-01-15,3.085382352e+11
2026-01-16,3.09403751e+11
2026-01-17,3.099747025e+11
2026-01-18,3.102565757e+11
2026-01-19,3.100721505e+11
2026-01-20,3.098684861e+11
2026-01-21,3.081733919e+11
2026-01-22,3.076464946e+11
2026-01-23,3.073540916e+11
2026-01-24,3.077652643e+11
2026-01-25,3.077409156e+11
2026-01-26,3.076861344e+11
2026-01-27,3.071247602e+11
2026-01-28,3.070593389e+11
2026-01-29,3.06746948e+11
2026-01-30,3.054224534e+11
2026-01-31,3.043641815e+11
2026-02-01,3.037540177e+11
2026-02-02,3.040808697e+11
2026-02-03,3.043217407e+11
2026-02-04,3.045464211e+11
2026-02-05,3.046117066e+11
2026-02-06,3.038974051e+11
2026-02-07,3.042387653e+11
2026-02-08,3.047806995e+11
2026-02-09,3.05978441e+11
2026-02-10,3.05682382e+11
2026-02-11,3.052602726e+11
2026-02-12,3.051565385e+11
2026-02-13,3.049456771e+11
2026-02-14,3.058167816e+11
2026-02-15,3.059261118e+11
2026-02-16,3.06066392e+11
2026-02-17,3.062993536e+11
2026-02-18,3.059138231e+11
2026-02-19,3.061714491e+11
2026-02-20,3.061798463e+11
2026-02-21,3.057318374e+11
2026-02-22,3.05662136e+11
2026-02-23,3.068236081e+11
2026-02-24,3.066315188e+11
2026-02-25,3.068747312e+11
2026-02-26,3.075049649e+11
2026-02-27,3.070094743e+11
2026-02-28,3.072967834e+11
2026-03-01,3.075886412e+11
2026-03-02,3.072068401e+11
2026-03-03,3.083134371e+11
2026-03-04,3.085677158e+11
2026-03-05,3.095184779e+11
2026-03-06,3.105534897e+11
2026-03-07,3.107369065e+11
2026-03-08,3.107579973e+11
2026-03-09,3.109172631e+11
2026-03-10,3.119532189e+11
2026-03-11,3.122682716e+11
2026-03-12,3.125784227e+11
2026-03-13,3.132021355e+11
2026-03-14,3.136601575e+11
2026-03-15,3.13615607e+11
2026-03-16,3.135850893e+11
2026-03-17,3.136510007e+11
2026-03-18,3.137854382e+11
2026-03-19,3.133193276e+11
2026-03-20,3.136632548e+11
2026-03-21,3.138280546e+11
2026-03-22,3.138272113e+11
2026-03-23,3.137918406e+11
2026-03-24,3.132283823e+11
2026-03-25,3.133495495e+11
2026-03-26,3.134620918e+11
2026-03-27,3.129687992e+11
2026-03-28,3.128278284e+11
2026-03-29,3.127540503e+11
2026-03-30,3.12879946e+11
2026-03-31,3.131559582e+11
2026-04-01,3.139223867e+11
2026-04-02,3.141491279e+11
2026-04-03,3.144219299e+11
2026-04-04,3.148121348e+11
2026-04-05,3.147390276e+11
2026-04-06,3.147545211e+11
2026-04-07,3.142739347e+11
2026-04-08,3.149769218e+11
2026-04-09,3.150015138e+11
2026-04-10,3.154175707e+11
2026-04-11,3.161269566e+11
2026-04-12,3.162077213e+11
2026-04-13,3.163025874e+11
2026-04-14,3.16442189e+11
2026-04-15,3.174878417e+11
2026-04-16,3.17534359e+11
2026-04-17,3.180367076e+11
2026-04-18,3.188799042e+11
2026-04-19,3.190454317e+11
2026-04-20,3.181218168e+11
2026-04-21,3.181795277e+11
2026-04-22,3.189019792e+11
2026-04-23,3.185090108e+11
2026-04-24,3.182413069e+11
2026-04-25,3.180671762e+11
2026-04-26,3.181737527e+11
2026-04-27,3.181555087e+11
2026-04-28,3.179404664e+11
2026-04-29,3.180706893e+11
2026-04-30,3.172737931e+11
2026-05-01,3.17960715e+11
2026-05-02,3.181900306e+11
2026-05-03,3.182591554e+11
2026-05-04,3.18602118e+11
2026-05-05,3.191352746e+11
2026-05-06,3.200254224e+11
2026-05-07,3.202950041e+11
2026-05-08,3.205569747e+11
2026-05-09,3.192014231e+11
2026-05-10,3.199387001e+11
2026-05-11,3.202210216e+11
2026-05-12,3.204288274e+11
2026-05-13,3.201837141e+11
2026-05-14,3.197535474e+11
2026-05-15,3.198695279e+11
2026-05-16,3.2054971e+11
2026-05-17,3.208459964e+11
2026-05-18,3.207476333e+11
2026-05-19,3.205033917e+11
2026-05-20,3.199930564e+11
2026-05-21,3.194920796e+11
2026-05-22,3.202551447e+11
2026-05-23,3.203186071e+11
2026-05-24,3.202553651e+11
2026-05-25,3.199919951e+11
2026-05-26,3.201456048e+11
2026-05-27,3.198046616e+11
2026-05-28,3.191886844e+11
2026-05-29,3.182391998e+11
2026-05-30,3.178062867e+11
2026-05-31,3.175717194e+11
2026-06-01,3.173616543e+11
2026-06-02,3.1736197e+11
2026-06-03,3.166768335e+11
2026-06-04,3.15942616e+11
2026-06-05,3.146299077e+11
2026-06-06,3.140619597e+11
2026-06-07,3.13590645e+11
2026-06-08,3.137176003e+11
2026-06-09,3.141740145e+11
2026-06-10,3.131969624e+11
2026-06-11,3.131038556e+11
2026-06-12,3.129599737e+11
2026-06-13,3.125655644e+11
2026-06-14,3.126241114e+11
2026-06-15,3.125263034e+11
2026-06-16,3.129775819e+11
2026-06-17,3.128558459e+11
2026-06-18,3.125100314e+11
2026-06-19,3.126853741e+11
2026-06-20,3.127138961e+11
2026-06-21,3.127728162e+11
2026-06-22,3.128413891e+11
2026-06-23,3.128756997e+11
2026-06-24,3.122427743e+11
2026-06-25,3.118775797e+11
2026-06-26,3.1198547e+11
2026-06-27,3.105754626e+11
2026-06-28,3.105695393e+11
2026-06-29,3.10228597e+11
2026-06-30,3.09559163e+11
2026-07-01,3.088133553e+11
2026-07-02,3.089575813e+11
2026-07-03,3.08745816e+11
2026-07-04,3.085886851e+11
2026-07-05,3.084939322e+11
2026-07-06,3.094854106e+11
2026-07-07,3.090214595e+11
2026-07-08,3.068435818e+11
2026-07-09,3.068496621e+11
2026-07-10,3.077333264e+11
2026-07-11,3.081076695e+11
2026-07-12,3.080352961e+11
2026-07-13,3.077786296e+11
2026-07-14,3.065154289e+11
2026-07-15,3.067922374e+11
2026-07-16,3.060828437e+11
2026-07-17,3.063100909e+11
2026-07-18,3.065642948e+11
2026-07-19,3.066104664e+11
2026-07-20,3.064396364e+11
2026-07-21,3.061923387e+11
2026-07-22,3.063784703e+11
2026-07-23,3.060126714e+11
2026-07-24,3.068530356e+11
2026-07-25,3.068892254e+11
2026-07-26,3.067239251e+11
2026-07-27,3.063245337e+11
2026-07-28,3.05225572e+11
2026-07-29,3.048928686e+11
2026-07-30,3.04626434e+11
2026-07-31,3.038741232e+11
2026-08-01,3.039006536e+11
2026-08-02,3.038133457e+11
2026-08-03,3.037013758e+11
2026-08-04,3.039611426e+11
2026-08-05,3.041604631e+11
2026-08-06,3.043261361e+11
2026-08-07,3.044705536e+11
2026-08-08,3.045076471e+11
2026-08-09,3.045043686e+11
2026-08-10,3.045774583e+11
2026-08-11,3.036611219e+11
2026-08-12,3.046015881e+11
2026-08-13,3.047020695e+11
2026-08-14,3.046038327e+11
2026-08-15,3.047599326e+11
2026-08-16,3.0466241e+11
2026-08-17,3.046629226e+11
2026-08-18,3.047708656e+11
2026-08-19,3.047480196e+11
2026-08-20,3.054415944e+11
2026-08-21,3.064140191e+11
2026-08-22,3.066850603e+11
2026-08-23,3.068034234e+11
2026-08-24,3.068861681e+11
2026-08-25,3.070188692e+11
2026-08-26,3.072986773e+11
2026-08-27,3.076232904e+11
2026-08-28,3.076788164e+11
2026-08-29,3.07308506e+11
2026-08-30,3.072185053e+11
2026-08-31,3.073370665e+11
2026-09-01,3.072928646e+11
2026-09-02,3.072652835e+11
2026-09-03,3.076302201e+11
2026-09-04,3.086763366e+11
2026-09-05,3.0886562e+11
2026-09-06,3.08927744e+11
2026-09-07,3.089552375e+11
2026-09-08,3.088189603e+11
2026-09-09,3.090578222e+11
2026-09-10,3.089052235e+11
2026-09-11,3.085471588e+11
2026-09-12,3.087358005e+11
2026-09-13,3.087134306e+11
2026-09-14,3.085990857e+11
2026-09-15,3.087864895e+11
2026-09-16,3.080198102e+11
2026-09-17,3.080078195e+11
2026-09-18,3.080196075e+11
2026-09-19,3.085179947e+11
2026-09-20,3.084940669e+11
2026-09-21,3.086767098e+11
2026-09-22,3.103496258e+11
2026-09-23,3.079181734e+11
2026-09-24,3.071618127e+11
2026-09-25,3.085129054e+11
2026-09-26,3.07796038e+11
2026-09-27,3.100863069e+11
2026-09-28,3.114700478e+11
2026-09-29,3.112618106e+11
2026-09-30,3.112002978e+11
2026-10-01,3.107114239e+11
2026-10-02,3.115169376e+11
2026-10-03,3.118943506e+11
2026-10-04,3.119624104e+11
